,Current,Frequency,Signal
0,0.0,2.4,3.25785e-12
1,0.0,2.401,2.34481e-13
2,0.0,2.402,3.83695e-13
3,0.0,2.403,4.26327e-13
4,0.0,2.404,1.00542e-12
5,0.0,2.405,8.06469e-13
6,0.0,2.406,1.84742e-13
7,0.0,2.407,1.63426e-13
8,0.0,2.408,7.74495e-13
9,0.0,2.409,8.41997e-13
10,0.0,2.41,7.53179e-13
11,0.0,2.411,4.61856e-13
12,0.0,2.412,6.46597e-13
13,0.0,2.413,5.89754e-13
14,0.0,2.414,7.70942e-13
15,0.0,2.415,5.68438e-13
16,0.0,2.416,8.06469e-13
17,0.0,2.417,4.76067e-13
18,0.0,2.418,6.21728e-13
19,0.0,2.419,4.22775e-13
20,0.0,2.42,6.21728e-13
21,0.0,2.421,8.45549e-13
22,0.0,2.422,1.00898e-12
23,0.0,2.423,1.84742e-13
24,0.0,2.424,4.72514e-13
25,0.0,2.425,5.75543e-13
26,0.0,2.426,6.03966e-14
27,0.0,2.427,3.80142e-13
28,0.0,2.428,9.5924e-13
29,0.0,2.429,1.07648e-12
30,0.0,2.43,4.76067e-13
31,0.0,2.431,6.8923e-13
32,0.0,2.432,4.72514e-13
33,0.0,2.433,6.46597e-13
34,0.0,2.434,6.25281e-13
35,0.0,2.435,7.95811e-13
36,0.0,2.436,1.91847e-13
37,0.0,2.437,5.04489e-13
38,0.0,2.438,7.21204e-13
39,0.0,2.439,2.41586e-13
40,0.0,2.44,3.65931e-13
41,0.0,2.441,6.1107e-13
42,0.0,2.442,1.28964e-12
43,0.0,2.443,7.03441e-13
44,0.0,2.444,3.76589e-13
45,0.0,2.445,4.36986e-13
46,0.0,2.446,1.03029e-13
47,0.0,2.447,5.89754e-13
48,0.0,2.448,1.49215e-13
49,0.0,2.449,4.97383e-13
50,0.0,2.45,4.86725e-13
51,0.0,2.451,3.65931e-13
52,0.0,2.452,3.23299e-13
53,0.0,2.453,5.79096e-13
54,0.0,2.454,4.22775e-13
55,0.0,2.455,2.9843e-13
56,0.0,2.456,3.65931e-13
57,0.0,2.457,7.74495e-13
58,0.0,2.458,7.03441e-13
59,0.0,2.459,2.30928e-13
60,0.0,2.46,5.08042e-13
61,0.0,2.461,6.82124e-13
62,0.0,2.462,5.68438e-13
63,0.0,2.463,6.53703e-13
64,0.0,2.464,5.89754e-13
65,0.0,2.465,2.13164e-13
66,0.0,2.466,8.02917e-13
67,0.0,2.467,7.99364e-13
68,0.0,2.468,6.18176e-13
69,0.0,2.469,3.83695e-13
70,0.0,2.47,1.63426e-13
71,0.0,2.471,3.26851e-13
72,0.0,2.472,9.34371e-13
73,0.0,2.473,6.85677e-13
74,0.0,2.474,6.53703e-13
75,0.0,2.475,6.99888e-13
76,0.0,2.476,6.64361e-13
77,0.0,2.477,8.66866e-13
78,0.0,2.478,4.90278e-13
79,0.0,2.479,3.73037e-13
80,0.0,2.48,1.49215e-13
81,0.0,2.481,5.75543e-13
82,0.0,2.482,2.84219e-13
83,0.0,2.483,3.12641e-13
84,0.0,2.484,6.39493e-14
85,0.0,2.485,1.24346e-12
86,0.0,2.486,8.38444e-13
87,0.0,2.487,3.09088e-13
88,0.0,2.488,1.18306e-12
89,0.0,2.489,4.83173e-13
90,0.0,2.49,7.6739e-13
91,0.0,2.491,7.49626e-13
92,0.0,2.492,1.06582e-13
93,0.0,2.493,4.19222e-13
94,0.0,2.494,8.02917e-13
95,0.0,2.495,1.05516e-12
96,0.0,2.496,5.43569e-13
97,0.0,2.497,4.97383e-13
98,0.0,2.498,6.99888e-13
99,0.0,2.499,4.19222e-13
100,0.0,2.5,8.73971e-13
101,0.0,2.501,2.13164e-13
102,0.0,2.502,2.91324e-13
103,0.0,2.503,1.88295e-13
104,0.0,2.504,8.73971e-13
105,0.0,2.505,5.93307e-13
106,0.0,2.506,5.68438e-13
107,0.0,2.507,6.25281e-13
108,0.0,2.508,4.08564e-13
109,0.0,2.509,6.25281e-13
110,0.0,2.51,5.40016e-13
111,0.0,2.511,3.5172e-13
112,0.0,2.512,5.08042e-13
113,0.0,2.513,2.02506e-13
114,0.0,2.514,4.7962e-13
115,0.0,2.515,8.91735e-13
116,0.0,2.516,1.79768e-12
117,0.0,2.517,9.94767e-13
118,0.0,2.518,1.98953e-13
119,0.0,2.519,4.40538e-13
120,0.0,2.52,6.39492e-13
121,0.0,2.521,4.33433e-13
122,0.0,2.522,9.2016e-13
123,0.0,2.523,7.92259e-13
124,0.0,2.524,3.65931e-13
125,0.0,2.525,5.25805e-13
126,0.0,2.526,3.908e-13
127,0.0,2.527,3.73037e-13
128,0.0,2.528,9.05945e-13
129,0.0,2.529,7.31862e-13
130,0.0,2.53,2.66455e-13
131,0.0,2.531,6.28834e-13
132,0.0,2.532,3.16193e-13
133,0.0,2.533,9.2016e-13
134,0.0,2.534,4.19222e-13
135,0.0,2.535,8.38444e-13
136,0.0,2.536,5.93307e-13
137,0.0,2.537,7.42521e-13
138,0.0,2.538,2.66455e-13
139,0.0,2.539,4.33433e-13
140,0.0,2.54,7.10548e-15
141,0.0,2.541,6.07518e-13
142,0.0,2.542,8.41997e-13
143,0.0,2.543,6.82124e-13
144,0.0,2.544,5.25805e-13
145,0.0,2.545,5.82649e-13
146,0.0,2.546,5.00936e-13
147,0.0,2.547,3.87248e-13
148,0.0,2.548,5.61332e-13
149,0.0,2.549,3.16193e-13
150,0.0,2.55,4.54751e-13
151,0.0,2.551,6.1107e-13
152,0.0,2.552,3.58826e-13
153,0.0,2.553,4.47644e-13
154,0.0,2.554,1.01964e-12
155,0.0,2.555,5.43569e-13
156,0.0,2.556,1.03029e-12
157,0.0,2.557,5.96859e-13
158,0.0,2.558,5.96859e-13
159,0.0,2.559,3.48168e-13
160,0.0,2.56,7.35415e-13
161,0.0,2.561,1.31451e-13
162,0.0,2.562,6.82124e-13
163,0.0,2.563,6.75019e-13
164,0.0,2.564,4.22775e-13
165,0.0,2.565,4.51196e-13
166,0.0,2.566,5.68439e-14
167,0.0,2.567,6.03966e-14
168,0.0,2.568,5.79096e-13
169,0.0,2.569,3.94353e-13
170,0.0,2.57,2.84219e-13
171,0.0,2.571,2.34481e-13
172,0.0,2.572,7.816e-13
173,0.0,2.573,2.77113e-13
174,0.0,2.574,4.54751e-13
175,0.0,2.575,7.06993e-13
176,0.0,2.576,3.80142e-13
177,0.0,2.577,7.63837e-13
178,0.0,2.578,8.2068e-13
179,0.0,2.579,3.97906e-13
180,0.0,2.58,1.954e-13
181,0.0,2.581,2.52244e-13
182,0.0,2.582,4.36986e-13
183,0.0,2.583,1.05872e-12
184,0.0,2.584,4.54751e-13
185,0.0,2.585,3.87248e-13
186,0.0,2.586,5.32911e-13
187,0.0,2.587,5.43569e-13
188,0.0,2.588,5.93307e-13
189,0.0,2.589,2.23822e-13
190,0.0,2.59,5.11594e-13
191,0.0,2.591,6.03965e-13
192,0.0,2.592,5.68438e-13
193,0.0,2.593,8.9884e-13
194,0.0,2.594,5.93307e-13
195,0.0,2.595,4.72514e-13
196,0.0,2.596,6.96335e-13
197,0.0,2.597,4.33433e-13
198,0.0,2.598,3.44615e-13
199,0.0,2.599,6.46597e-13
200,0.0,2.6,6.1107e-13
201,0.0,2.601,3.01982e-13
202,0.0,2.602,8.52655e-13
203,0.0,2.603,6.03965e-13
204,0.0,2.604,6.03965e-13
205,0.0,2.605,2.30928e-13
206,0.0,2.606,7.03441e-13
207,0.0,2.607,3.5172e-13
208,0.0,2.608,8.06469e-13
209,0.0,2.609,4.2988e-13
210,0.0,2.61,1.10135e-13
211,0.0,2.611,4.15669e-13
212,0.0,2.612,6.1107e-13
213,0.0,2.613,4.22775e-13
214,0.0,2.614,6.03965e-13
215,0.0,2.615,6.25281e-13
216,0.0,2.616,9.23712e-13
217,0.0,2.617,1.00187e-12
218,0.0,2.618,8.49102e-13
219,0.0,2.619,5.40016e-13
220,0.0,2.62,4.08564e-13
221,0.0,2.621,1.20793e-12
222,0.0,2.622,1.84742e-13
223,0.0,2.623,3.69484e-13
224,0.0,2.624,6.14623e-13
225,0.0,2.625,1.11201e-12
226,0.0,2.626,1.30385e-12
227,0.0,2.627,5.75543e-13
228,0.0,2.628,4.7962e-13
229,0.0,2.629,3.62379e-13
230,0.0,2.63,2.94877e-13
231,0.0,2.631,3.48168e-13
232,0.0,2.632,2.48692e-13
233,0.0,2.633,5.5778e-13
234,0.0,2.634,5.15147e-13
235,0.0,2.635,4.47644e-13
236,0.0,2.636,2.5935e-13
237,0.0,2.637,4.44091e-13
238,0.0,2.638,4.15669e-13
239,0.0,2.639,4.61856e-13
240,0.0,2.64,1.52768e-13
241,0.0,2.641,3.76589e-13
242,0.0,2.642,3.5172e-13
243,0.0,2.643,4.40538e-13
244,0.0,2.644,7.49626e-13
245,0.0,2.645,9.16607e-13
246,0.0,2.646,9.45029e-13
247,0.0,2.647,2.09611e-13
248,0.0,2.648,2.5935e-13
249,0.0,2.649,5.15147e-13
250,0.0,2.65,3.33957e-13
251,0.0,2.651,1.31451e-12
252,0.0,2.652,3.12641e-13
253,0.0,2.653,6.00412e-13
254,0.0,2.654,4.97383e-13
255,0.0,2.655,3.12641e-13
256,0.0,2.656,5.61332e-13
257,0.0,2.657,6.35939e-13
258,0.0,2.658,3.80142e-13
259,0.0,2.659,3.33957e-13
260,0.0,2.66,8.66866e-13
261,0.0,2.661,8.06469e-13
262,0.0,2.662,3.41062e-13
263,0.0,2.663,4.44091e-13
264,0.0,2.664,6.99888e-13
265,0.0,2.665,2.84219e-13
266,0.0,2.666,2.09611e-13
267,0.0,2.667,2.77113e-13
268,0.0,2.668,6.8923e-13
269,0.0,2.669,5.47121e-13
270,0.0,2.67,6.32387e-13
271,0.0,2.671,5.25805e-13
272,0.0,2.672,3.05535e-13
273,0.0,2.673,6.99888e-13
274,0.0,2.674,3.73037e-13
275,0.0,2.675,1.06582e-14
276,0.0,2.676,4.68962e-13
277,0.0,2.677,2.41586e-13
278,0.0,2.678,2.63257e-12
279,0.0,2.679,1.45662e-13
280,0.0,2.68,4.65409e-13
281,0.0,2.681,2.70008e-13
282,0.0,2.682,6.00412e-13
283,0.0,2.683,2.34481e-13
284,0.0,2.684,9.91214e-13
285,0.0,2.685,6.35939e-13
286,0.0,2.686,8.31338e-13
287,0.0,2.687,9.16607e-13
288,0.0,2.688,1.40688e-12
289,0.0,2.689,9.98319e-13
290,0.0,2.69,2.20269e-13
291,0.0,2.691,1.13688e-12
292,0.0,2.692,6.96335e-13
293,0.0,2.693,9.7345e-13
294,0.0,2.694,5.50674e-13
295,0.0,2.695,9.45029e-13
296,0.0,2.696,5.15147e-13
297,0.0,2.697,5.64885e-13
298,0.0,2.698,7.49626e-13
299,0.0,2.699,3.5172e-13
300,0.0,2.7,1.98953e-13
301,0.0,2.701,1.954e-13
302,0.0,2.702,6.32387e-13
303,0.0,2.703,7.10547e-14
304,0.0,2.704,6.92783e-13
305,0.0,2.705,7.95811e-13
306,0.0,2.706,5.68438e-13
307,0.0,2.707,8.17128e-14
308,0.0,2.708,6.46597e-13
309,0.0,2.709,2.16716e-13
310,0.0,2.71,2.94877e-13
311,0.0,2.711,6.92783e-13
312,0.0,2.712,5.187e-13
313,0.0,2.713,7.53179e-13
314,0.0,2.714,4.76067e-13
315,0.0,2.715,4.12117e-13
316,0.0,2.716,8.9884e-13
317,0.0,2.717,1.10135e-13
318,0.0,2.718,2.20269e-13
319,0.0,2.719,7.46074e-14
320,0.0,2.72,5.25805e-13
321,0.0,2.721,2.55797e-13
322,0.0,2.722,4.83173e-13
323,0.0,2.723,1.88295e-13
324,0.0,2.724,3.76589e-13
325,0.0,2.725,4.2988e-13
326,0.0,2.726,4.08564e-13
327,0.0,2.727,4.47644e-13
328,0.0,2.728,1.04095e-12
329,0.0,2.729,3.44615e-13
330,0.0,2.73,3.41062e-13
331,0.0,2.731,7.85153e-13
332,0.0,2.732,4.95962e-12
333,0.0,2.733,7.88706e-13
334,0.0,2.734,3.73037e-13
335,0.0,2.735,6.25281e-13
336,0.0,2.736,8.5976e-13
337,0.0,2.737,6.07518e-13
338,0.0,2.738,5.08042e-13
339,0.0,2.739,6.43045e-13
340,0.0,2.74,4.26327e-13
341,0.0,2.741,9.13054e-13
342,0.0,2.742,9.27265e-13
343,0.0,2.743,1.08714e-12
344,0.0,2.744,1.84742e-13
345,0.0,2.745,1.91847e-13
346,0.0,2.746,1.45662e-13
347,0.0,2.747,6.14623e-13
348,0.0,2.748,4.33433e-13
349,0.0,2.749,9.30818e-13
350,0.0,2.75,4.72514e-13
351,0.0,2.751,4.2988e-13
352,0.0,2.752,8.38444e-13
353,0.0,2.753,5.08042e-13
354,0.0,2.754,3.44615e-13
355,0.0,2.755,6.00412e-13
356,0.0,2.756,1.19727e-12
357,0.0,2.757,1.5632e-12
358,0.0,2.758,5.93307e-13
359,0.0,2.759,7.35415e-13
360,0.0,2.76,4.83173e-13
361,0.0,2.761,9.98319e-13
362,0.0,2.762,7.53179e-13
363,0.0,2.763,1.5632e-13
364,0.0,2.764,8.34891e-13
365,0.0,2.765,7.63837e-13
366,0.0,2.766,8.52656e-14
367,0.0,2.767,3.30404e-13
368,0.0,2.768,6.64361e-13
369,0.0,2.769,5.93307e-13
370,0.0,2.77,7.31862e-13
371,0.0,2.771,5.36463e-13
372,0.0,2.772,2.77113e-13
373,0.0,2.773,4.22775e-13
374,0.0,2.774,9.91214e-13
375,0.0,2.775,5.50674e-13
376,0.0,2.776,7.38968e-13
377,0.0,2.777,5.89754e-13
378,0.0,2.778,6.14623e-13
379,0.0,2.779,2.48692e-13
380,0.0,2.78,1.59873e-13
381,0.0,2.781,5.40016e-13
382,0.0,2.782,7.17652e-13
383,0.0,2.783,5.36463e-13
384,0.0,2.784,9.69898e-13
385,0.0,2.785,5.00936e-13
386,0.0,2.786,6.7502e-14
387,0.0,2.787,7.31862e-13
388,0.0,2.788,5.86201e-13
389,0.0,2.789,8.06469e-13
390,0.0,2.79,5.96859e-13
391,0.0,2.791,3.83695e-13
392,0.0,2.792,5.7199e-13
393,0.0,2.793,4.12117e-13
394,0.0,2.794,5.75543e-13
395,0.0,2.795,3.01982e-13
396,0.0,2.796,7.74495e-13
397,0.0,2.797,7.6739e-13
398,0.0,2.798,7.17652e-13
399,0.0,2.799,6.67914e-13
400,0.0,2.8,3.05535e-13
401,0.0,2.801,8.34891e-13
402,0.0,2.802,3.69484e-13
403,0.0,2.803,2.23822e-13
404,0.0,2.804,5.89754e-13
405,0.0,2.805,7.78048e-13
406,0.0,2.806,3.19746e-13
407,0.0,2.807,4.08564e-13
408,0.0,2.808,1.14043e-12
409,0.0,2.809,9.52134e-13
410,0.0,2.81,4.93831e-13
411,0.0,2.811,1.05161e-12
412,0.0,2.812,8.17128e-13
413,0.0,2.813,1.72663e-12
414,0.0,2.814,1.38557e-12
415,0.0,2.815,1.85098e-12
416,0.0,2.816,1.77636e-12
417,0.0,2.817,1.30385e-12
418,0.0,2.818,2.34481e-13
419,0.0,2.819,5.68438e-13
420,0.0,2.82,9.80556e-13
421,0.0,2.821,1.15109e-12
422,0.0,2.822,2.27375e-13
423,0.0,2.823,1.03385e-12
424,0.0,2.824,1.04806e-12
425,0.0,2.825,4.36986e-13
426,0.0,2.826,2.91324e-13
427,0.0,2.827,1.05161e-12
428,0.0,2.828,8.06469e-13
429,0.0,2.829,3.62379e-13
430,0.0,2.83,3.94353e-13
431,0.0,2.831,5.93307e-13
432,0.0,2.832,6.46597e-13
433,0.0,2.833,5.75543e-13
434,0.0,2.834,4.26327e-13
435,0.0,2.835,4.83173e-13
436,0.0,2.836,7.95811e-13
437,0.0,2.837,1.23635e-12
438,0.0,2.838,6.28834e-13
439,0.0,2.839,2.20269e-13
440,0.0,2.84,1.31451e-12
441,0.0,2.841,9.16607e-13
442,0.0,2.842,8.24233e-13
443,0.0,2.843,1.08358e-12
444,0.0,2.844,4.76067e-13
445,0.0,2.845,4.86725e-13
446,0.0,2.846,4.7962e-13
447,0.0,2.847,1.00898e-12
448,0.0,2.848,9.16607e-13
449,0.0,2.849,1.30385e-12
450,0.0,2.85,9.16607e-13
451,0.0,2.851,1.17951e-12
452,0.0,2.852,1.11201e-12
453,0.0,2.853,1.55254e-12
454,0.0,2.854,9.09502e-13
455,0.0,2.855,2.15651e-12
456,0.0,2.856,2.23822e-12
457,0.0,2.857,2.23822e-12
458,0.0,2.858,2.69652e-12
459,0.0,2.859,3.71617e-12
460,0.0,2.86,5.43213e-12
461,0.0,2.861,7.54957e-12
462,0.0,2.862,8.46617e-12
463,0.0,2.863,1.11129e-11
464,0.0,2.864,1.5259e-11
465,0.0,2.865,1.94086e-11
466,0.0,2.866,2.66668e-11
467,0.0,2.867,3.61455e-11
468,0.0,2.868,4.4331e-11
469,0.0,2.869,4.97595e-11
470,0.0,2.87,4.95428e-11
471,0.0,2.871,4.82887e-11
472,0.0,2.872,5.22216e-11
473,0.0,2.873,4.90739e-11
474,0.0,2.874,4.05189e-11
475,0.0,2.875,3.19249e-11
476,0.0,2.876,2.38672e-11
477,0.0,2.877,1.7785e-11
478,0.0,2.878,1.41683e-11
479,0.0,2.879,1.03953e-11
480,0.0,2.88,8.68289e-12
481,0.0,2.881,6.61163e-12
482,0.0,2.882,6.00411e-12
483,0.0,2.883,3.78722e-12
484,0.0,2.884,3.35378e-12
485,0.0,2.885,3.15127e-12
486,0.0,2.886,1.8794e-12
487,0.0,2.887,1.84742e-12
488,0.0,2.888,2.39099e-12
489,0.0,2.889,1.65557e-12
490,0.0,2.89,1.34649e-12
491,0.0,2.891,1.73018e-12
492,0.0,2.892,1.90782e-12
493,0.0,2.893,1.21148e-12
494,0.0,2.894,6.75019e-13
495,0.0,2.895,9.16607e-13
496,0.0,2.896,9.45029e-13
497,0.0,2.897,9.62792e-13
498,0.0,2.898,9.30818e-13
499,0.0,2.899,8.77524e-13
500,0.0,2.9,8.73971e-13
501,0.0,2.901,6.75019e-13
502,0.0,2.902,5.04489e-13
503,0.0,2.903,5.54227e-13
504,0.0,2.904,1.50636e-12
505,0.0,2.905,5.64885e-13
506,0.0,2.906,4.90278e-13
507,0.0,2.907,2.41586e-13
508,0.0,2.908,9.52134e-13
509,0.0,2.909,1.05161e-12
510,0.0,2.91,5.15147e-13
511,0.0,2.911,6.18176e-13
512,0.0,2.912,7.6739e-13
513,0.0,2.913,4.51196e-13
514,0.0,2.914,2.41586e-13
515,0.0,2.915,6.99888e-13
516,0.0,2.916,7.14099e-13
517,0.0,2.917,1.55254e-12
518,0.0,2.918,5.93307e-13
519,0.0,2.919,3.12641e-13
520,0.0,2.92,8.91735e-13
521,0.0,2.921,7.78048e-13
522,0.0,2.922,7.38968e-13
523,0.0,2.923,1.31806e-12
524,0.0,2.924,4.36986e-13
525,0.0,2.925,3.41062e-13
526,0.0,2.926,3.48168e-13
527,0.0,2.927,1.06937e-12
528,0.0,2.928,6.85677e-13
529,0.0,2.929,5.96859e-13
530,0.0,2.93,3.23299e-13
531,0.0,2.931,8.5976e-13
532,0.0,2.932,4.12117e-13
533,0.0,2.933,1.01964e-12
534,0.0,2.934,5.86201e-13
535,0.0,2.935,6.60808e-13
536,0.0,2.936,3.97906e-13
537,0.0,2.937,1.16174e-12
538,0.0,2.938,1.53478e-12
539,0.0,2.939,1.74794e-12
540,0.0,2.94,1.28964e-12
541,0.0,2.941,1.80479e-12
542,0.0,2.942,1.57386e-12
543,0.0,2.943,1.38557e-12
544,0.0,2.944,1.4957e-12
545,0.0,2.945,6.99888e-13
546,0.0,2.946,8.5976e-13
547,0.0,2.947,7.53179e-13
548,0.0,2.948,4.40538e-13
549,0.0,2.949,4.72514e-13
550,0.0,2.95,1.12622e-12
551,0.0,2.951,7.38968e-13
552,0.0,2.952,2.13164e-13
553,0.0,2.953,4.51196e-13
554,0.0,2.954,8.5976e-13
555,0.0,2.955,5.22252e-13
556,0.0,2.956,3.55273e-13
557,0.0,2.957,3.58826e-13
558,0.0,2.958,7.31862e-13
559,0.0,2.959,7.46074e-14
560,0.0,2.96,8.9884e-13
561,0.0,2.961,5.08042e-13
562,0.0,2.962,6.18176e-13
563,0.0,2.963,2.55797e-13
564,0.0,2.964,1.02319e-12
565,0.0,2.965,6.18176e-13
566,0.0,2.966,1.15109e-12
567,0.0,2.967,1.38557e-13
568,0.0,2.968,6.1107e-13
569,0.0,2.969,9.37923e-13
570,0.0,2.97,3.76589e-13
571,0.0,2.971,3.44615e-13
572,0.0,2.972,8.49102e-13
573,0.0,2.973,4.47644e-13
574,0.0,2.974,4.15669e-13
575,0.0,2.975,8.66866e-13
576,0.0,2.976,6.32387e-13
577,0.0,2.977,2.48692e-13
578,0.0,2.978,6.5015e-13
579,0.0,2.979,5.89754e-13
580,0.0,2.98,2.27375e-13
581,0.0,2.981,1.954e-13
582,0.0,2.982,3.62379e-13
583,0.0,2.983,1.74084e-13
584,0.0,2.984,4.7962e-13
585,0.0,2.985,2.34481e-13
586,0.0,2.986,3.908e-13
587,0.0,2.987,6.28834e-13
588,0.0,2.988,4.76067e-13
589,0.0,2.989,5.68439e-14
590,0.0,2.99,3.26851e-13
591,0.0,2.991,3.19746e-13
592,0.0,2.992,1.44596e-12
593,0.0,2.993,5.54227e-13
594,0.0,2.994,8.06469e-13
595,0.0,2.995,4.15669e-13
596,0.0,2.996,5.25805e-13
597,0.0,2.997,5.08042e-13
598,0.0,2.998,5.36463e-13
599,0.0,2.999,7.42521e-13
600,0.2,2.4,3.83695e-13
601,0.2,2.401,5.50674e-13
602,0.2,2.402,4.83173e-13
603,0.2,2.403,8.73971e-13
604,0.2,2.404,6.25281e-13
605,0.2,2.405,3.26851e-13
606,0.2,2.406,4.86725e-13
607,0.2,2.407,5.08042e-13
608,0.2,2.408,3.76589e-13
609,0.2,2.409,7.49626e-13
610,0.2,2.41,7.24757e-13
611,0.2,2.411,1.18661e-12
612,0.2,2.412,6.00412e-13
613,0.2,2.413,5.50674e-13
614,0.2,2.414,5.15147e-13
615,0.2,2.415,8.56207e-13
616,0.2,2.416,5.82649e-13
617,0.2,2.417,8.5976e-13
618,0.2,2.418,7.99364e-13
619,0.2,2.419,4.01458e-13
620,0.2,2.42,5.54227e-13
621,0.2,2.421,3.55274e-14
622,0.2,2.422,1.954e-13
623,0.2,2.423,2.62903e-13
624,0.2,2.424,4.97383e-13
625,0.2,2.425,4.54751e-13
626,0.2,2.426,4.12117e-13
627,0.2,2.427,4.86725e-13
628,0.2,2.428,2.70008e-13
629,0.2,2.429,6.64361e-13
630,0.2,2.43,2.73561e-13
631,0.2,2.431,8.5976e-13
632,0.2,2.432,1.13688e-12
633,0.2,2.433,5.93307e-13
634,0.2,2.434,1.4211e-14
635,0.2,2.435,6.64361e-13
636,0.2,2.436,4.65409e-13
637,0.2,2.437,5.5778e-13
638,0.2,2.438,4.83173e-13
639,0.2,2.439,4.86725e-13
640,0.2,2.44,1.02319e-12
641,0.2,2.441,1.12977e-12
642,0.2,2.442,3.41062e-13
643,0.2,2.443,6.85677e-13
644,0.2,2.444,4.36986e-13
645,0.2,2.445,9.52134e-13
646,0.2,2.446,5.68438e-13
647,0.2,2.447,4.86725e-13
648,0.2,2.448,2.70008e-13
649,0.2,2.449,5.79096e-13
650,0.2,2.45,7.70942e-13
651,0.2,2.451,3.908e-13
652,0.2,2.452,6.1107e-13
653,0.2,2.453,3.09088e-13
654,0.2,2.454,4.93831e-13
655,0.2,2.455,1.19727e-12
656,0.2,2.456,3.58826e-13
657,0.2,2.457,1.1724e-13
658,0.2,2.458,3.5172e-13
659,0.2,2.459,7.60284e-13
660,0.2,2.46,5.96859e-13
661,0.2,2.461,8.17128e-13
662,0.2,2.462,9.87661e-13
663,0.2,2.463,7.53179e-13
664,0.2,2.464,5.00936e-13
665,0.2,2.465,4.7962e-13
666,0.2,2.466,3.58826e-13
667,0.2,2.467,4.33433e-13
668,0.2,2.468,7.21204e-13
669,0.2,2.469,3.23299e-13
670,0.2,2.47,5.22252e-13
671,0.2,2.471,6.78572e-13
672,0.2,2.472,2.70008e-13
673,0.2,2.473,1.98953e-13
674,0.2,2.474,4.54751e-13
675,0.2,2.475,5.47121e-13
676,0.2,2.476,6.21728e-13
677,0.2,2.477,2.41586e-13
678,0.2,2.478,2.84219e-13
679,0.2,2.479,4.86725e-13
680,0.2,2.48,3.01982e-13
681,0.2,2.481,9.62792e-13
682,0.2,2.482,2.91324e-13
683,0.2,2.483,4.40538e-13
684,0.2,2.484,8.2068e-13
685,0.2,2.485,2.77113e-13
686,0.2,2.486,6.8923e-13
687,0.2,2.487,1.6982e-12
688,0.2,2.488,1.74084e-13
689,0.2,2.489,5.82649e-13
690,0.2,2.49,9.30818e-13
691,0.2,2.491,2.55797e-13
692,0.2,2.492,3.76589e-13
693,0.2,2.493,3.12641e-13
694,0.2,2.494,5.50674e-13
695,0.2,2.495,8.24233e-13
696,0.2,2.496,5.15147e-13
697,0.2,2.497,9.98319e-13
698,0.2,2.498,1.05872e-12
699,0.2,2.499,4.2988e-13
700,0.2,2.5,3.05535e-13
701,0.2,2.501,2.06058e-13
702,0.2,2.502,5.36463e-13
703,0.2,2.503,4.54751e-13
704,0.2,2.504,6.96335e-13
705,0.2,2.505,2.02506e-13
706,0.2,2.506,6.43045e-13
707,0.2,2.507,4.36986e-13
708,0.2,2.508,5.89754e-13
709,0.2,2.509,6.92783e-13
710,0.2,2.51,3.87248e-13
711,0.2,2.511,5.43569e-13
712,0.2,2.512,9.34371e-13
713,0.2,2.513,2.55797e-13
714,0.2,2.514,6.28834e-13
715,0.2,2.515,3.48168e-13
716,0.2,2.516,1.39978e-12
717,0.2,2.517,3.58826e-13
718,0.2,2.518,4.93831e-13
719,0.2,2.519,7.31862e-13
720,0.2,2.52,2.70008e-13
721,0.2,2.521,8.70418e-13
722,0.2,2.522,3.3751e-13
723,0.2,2.523,1.0445e-12
724,0.2,2.524,8.17128e-13
725,0.2,2.525,6.46597e-13
726,0.2,2.526,1.79768e-12
727,0.2,2.527,3.55273e-13
728,0.2,2.528,6.78572e-13
729,0.2,2.529,8.38444e-13
730,0.2,2.53,4.36986e-13
731,0.2,2.531,5.25805e-13
732,0.2,2.532,2.45139e-13
733,0.2,2.533,7.81601e-14
734,0.2,2.534,3.19746e-13
735,0.2,2.535,1.01964e-12
736,0.2,2.536,4.2988e-13
737,0.2,2.537,7.53179e-13
738,0.2,2.538,3.16193e-13
739,0.2,2.539,9.30818e-13
740,0.2,2.54,6.96335e-13
741,0.2,2.541,8.88183e-14
742,0.2,2.542,1.05161e-12
743,0.2,2.543,5.22252e-13
744,0.2,2.544,3.69484e-13
745,0.2,2.545,4.93831e-13
746,0.2,2.546,4.86725e-13
747,0.2,2.547,1.3003e-12
748,0.2,2.548,4.58304e-13
749,0.2,2.549,4.2988e-13
750,0.2,2.55,8.13575e-13
751,0.2,2.551,2.48692e-13
752,0.2,2.552,3.3751e-13
753,0.2,2.553,6.99888e-13
754,0.2,2.554,6.85677e-13
755,0.2,2.555,3.30404e-13
756,0.2,2.556,5.64885e-13
757,0.2,2.557,5.15147e-13
758,0.2,2.558,4.33433e-13
759,0.2,2.559,6.99888e-13
760,0.2,2.56,1.13688e-12
761,0.2,2.561,5.40016e-13
762,0.2,2.562,1.68755e-12
763,0.2,2.563,1.08358e-12
764,0.2,2.564,1.70531e-13
765,0.2,2.565,2.66455e-13
766,0.2,2.566,3.65931e-13
767,0.2,2.567,1.12622e-12
768,0.2,2.568,5.40016e-13
769,0.2,2.569,1.11911e-12
770,0.2,2.57,1.06582e-13
771,0.2,2.571,4.36986e-13
772,0.2,2.572,5.29358e-13
773,0.2,2.573,5.50674e-13
774,0.2,2.574,5.29358e-13
775,0.2,2.575,5.22252e-13
776,0.2,2.576,1.27898e-12
777,0.2,2.577,8.9884e-13
778,0.2,2.578,6.28834e-13
779,0.2,2.579,3.62379e-13
780,0.2,2.58,4.72514e-13
781,0.2,2.581,1.91847e-13
782,0.2,2.582,5.93307e-13
783,0.2,2.583,8.17128e-13
784,0.2,2.584,1.91847e-13
785,0.2,2.585,3.94353e-13
786,0.2,2.586,2.52244e-13
787,0.2,2.587,9.02393e-13
788,0.2,2.588,6.99888e-13
789,0.2,2.589,3.30404e-13
790,0.2,2.59,9.69898e-13
791,0.2,2.591,2.66455e-13
792,0.2,2.592,3.908e-13
793,0.2,2.593,9.94764e-14
794,0.2,2.594,2.16716e-13
795,0.2,2.595,3.62379e-13
796,0.2,2.596,5.43569e-13
797,0.2,2.597,1.09424e-12
798,0.2,2.598,2.23822e-13
799,0.2,2.599,6.21728e-13
800,0.2,2.6,6.14623e-13
801,0.2,2.601,2.62903e-13
802,0.2,2.602,2.73561e-13
803,0.2,2.603,1.77637e-13
804,0.2,2.604,9.55687e-13
805,0.2,2.605,3.01982e-13
806,0.2,2.606,6.85677e-13
807,0.2,2.607,1.84742e-13
808,0.2,2.608,6.78572e-13
809,0.2,2.609,6.57256e-13
810,0.2,2.61,5.68438e-13
811,0.2,2.611,1.35004e-13
812,0.2,2.612,9.2371e-14
813,0.2,2.613,3.97906e-13
814,0.2,2.614,4.01458e-13
815,0.2,2.615,6.60808e-13
816,0.2,2.616,2.70008e-13
817,0.2,2.617,4.01458e-13
818,0.2,2.618,6.14623e-13
819,0.2,2.619,6.75019e-13
820,0.2,2.62,1.74084e-13
821,0.2,2.621,4.26328e-14
822,0.2,2.622,5.7199e-13
823,0.2,2.623,1.98953e-13
824,0.2,2.624,9.16607e-13
825,0.2,2.625,5.93307e-13
826,0.2,2.626,5.89754e-13
827,0.2,2.627,1.10845e-12
828,0.2,2.628,6.96335e-13
829,0.2,2.629,9.34371e-13
830,0.2,2.63,9.94764e-14
831,0.2,2.631,1.1653e-12
832,0.2,2.632,3.97906e-13
833,0.2,2.633,6.46597e-13
834,0.2,2.634,1.19372e-12
835,0.2,2.635,3.48168e-13
836,0.2,2.636,3.33957e-13
837,0.2,2.637,9.69898e-13
838,0.2,2.638,1.31451e-13
839,0.2,2.639,1.13332e-12
840,0.2,2.64,6.07518e-13
841,0.2,2.641,1.12622e-12
842,0.2,2.642,1.01964e-12
843,0.2,2.643,9.59237e-14
844,0.2,2.644,5.89754e-13
845,0.2,2.645,7.92259e-13
846,0.2,2.646,9.48581e-13
847,0.2,2.647,6.46597e-13
848,0.2,2.648,1.10135e-13
849,0.2,2.649,1.13332e-12
850,0.2,2.65,4.97383e-13
851,0.2,2.651,1.49215e-13
852,0.2,2.652,6.07518e-13
853,0.2,2.653,6.35939e-13
854,0.2,2.654,3.76589e-13
855,0.2,2.655,2.55797e-13
856,0.2,2.656,4.2988e-13
857,0.2,2.657,5.36463e-13
858,0.2,2.658,3.12641e-13
859,0.2,2.659,2.48692e-13
860,0.2,2.66,9.37923e-13
861,0.2,2.661,5.32911e-13
862,0.2,2.662,3.48168e-13
863,0.2,2.663,2.48692e-13
864,0.2,2.664,6.25281e-13
865,0.2,2.665,3.65931e-13
866,0.2,2.666,3.23299e-13
867,0.2,2.667,3.65931e-13
868,0.2,2.668,9.80556e-13
869,0.2,2.669,8.5976e-13
870,0.2,2.67,8.9884e-13
871,0.2,2.671,1.91847e-13
872,0.2,2.672,3.23299e-13
873,0.2,2.673,6.07518e-13
874,0.2,2.674,2.13164e-13
875,0.2,2.675,7.70942e-13
876,0.2,2.676,5.36463e-13
877,0.2,2.677,5.5778e-13
878,0.2,2.678,7.17652e-13
879,0.2,2.679,7.49626e-13
880,0.2,2.68,1.1049e-12
881,0.2,2.681,3.94353e-13
882,0.2,2.682,1.77637e-13
883,0.2,2.683,4.93831e-13
884,0.2,2.684,8.06469e-13
885,0.2,2.685,3.87248e-13
886,0.2,2.686,8.77524e-13
887,0.2,2.687,3.16193e-13
888,0.2,2.688,5.25805e-13
889,0.2,2.689,6.00412e-13
890,0.2,2.69,3.12641e-13
891,0.2,2.691,6.46597e-13
892,0.2,2.692,3.3751e-13
893,0.2,2.693,7.70942e-13
894,0.2,2.694,6.8923e-13
895,0.2,2.695,1.59873e-13
896,0.2,2.696,5.61332e-13
897,0.2,2.697,5.36463e-13
898,0.2,2.698,7.70942e-13
899,0.2,2.699,9.13054e-13
900,0.2,2.7,8.06469e-13
901,0.2,2.701,2.02506e-13
902,0.2,2.702,5.96859e-13
903,0.2,2.703,8.10022e-13
904,0.2,2.704,4.61856e-13
905,0.2,2.705,5.82649e-13
906,0.2,2.706,4.44091e-13
907,0.2,2.707,4.83173e-13
908,0.2,2.708,9.13054e-13
909,0.2,2.709,1.28964e-12
910,0.2,2.71,6.46597e-13
911,0.2,2.711,3.23299e-13
912,0.2,2.712,8.31338e-13
913,0.2,2.713,7.49626e-13
914,0.2,2.714,4.58304e-13
915,0.2,2.715,5.79096e-13
916,0.2,2.716,1.70531e-13
917,0.2,2.717,9.16607e-13
918,0.2,2.718,5.32911e-13
919,0.2,2.719,6.32387e-13
920,0.2,2.72,7.06993e-13
921,0.2,2.721,5.25805e-13
922,0.2,2.722,7.06993e-13
923,0.2,2.723,9.87661e-13
924,0.2,2.724,4.26327e-13
925,0.2,2.725,4.12117e-13
926,0.2,2.726,1.03385e-12
927,0.2,2.727,7.53179e-13
928,0.2,2.728,6.43045e-13
929,0.2,2.729,6.32387e-13
930,0.2,2.73,6.57256e-13
931,0.2,2.731,3.48168e-13
932,0.2,2.732,4.22775e-13
933,0.2,2.733,4.05011e-13
934,0.2,2.734,7.816e-13
935,0.2,2.735,2.66455e-13
936,0.2,2.736,1.18306e-12
937,0.2,2.737,5.25805e-13
938,0.2,2.738,7.81601e-14
939,0.2,2.739,1.0978e-12
940,0.2,2.74,3.19746e-13
941,0.2,2.741,1.07648e-12
942,0.2,2.742,1.13332e-12
943,0.2,2.743,3.41062e-13
944,0.2,2.744,3.69484e-13
945,0.2,2.745,1.31451e-13
946,0.2,2.746,5.40016e-13
947,0.2,2.747,3.47812e-12
948,0.2,2.748,5.47121e-13
949,0.2,2.749,5.00936e-13
950,0.2,2.75,9.98319e-13
951,0.2,2.751,4.40538e-13
952,0.2,2.752,2.80666e-13
953,0.2,2.753,1.1049e-12
954,0.2,2.754,5.32909e-14
955,0.2,2.755,3.87248e-13
956,0.2,2.756,5.54227e-13
957,0.2,2.757,4.83173e-13
958,0.2,2.758,4.33433e-13
959,0.2,2.759,1.0445e-12
960,0.2,2.76,8.10022e-13
961,0.2,2.761,1.53123e-12
962,0.2,2.762,4.7962e-13
963,0.2,2.763,7.2831e-13
964,0.2,2.764,5.64885e-13
965,0.2,2.765,2.80666e-13
966,0.2,2.766,6.67914e-13
967,0.2,2.767,1.11201e-12
968,0.2,2.768,3.09088e-13
969,0.2,2.769,5.25805e-13
970,0.2,2.77,2.02506e-13
971,0.2,2.771,1.42109e-13
972,0.2,2.772,9.80556e-13
973,0.2,2.773,5.08042e-13
974,0.2,2.774,1.49215e-13
975,0.2,2.775,6.53703e-13
976,0.2,2.776,6.43045e-13
977,0.2,2.777,4.7962e-13
978,0.2,2.778,1.954e-13
979,0.2,2.779,6.00412e-13
980,0.2,2.78,6.46597e-13
981,0.2,2.781,2.77113e-13
982,0.2,2.782,5.32911e-13
983,0.2,2.783,5.43569e-13
984,0.2,2.784,5.89754e-13
985,0.2,2.785,9.34371e-13
986,0.2,2.786,4.68962e-13
987,0.2,2.787,3.83695e-13
988,0.2,2.788,5.96859e-13
989,0.2,2.789,6.67914e-13
990,0.2,2.79,4.83173e-13
991,0.2,2.791,8.52655e-13
992,0.2,2.792,1.06582e-13
993,0.2,2.793,9.7345e-13
994,0.2,2.794,7.6739e-13
995,0.2,2.795,4.2988e-13
996,0.2,2.796,9.52134e-13
997,0.2,2.797,2.41586e-13
998,0.2,2.798,6.43045e-13
999,0.2,2.799,2.66455e-13
1000,0.2,2.8,4.01458e-13
1001,0.2,2.801,8.56207e-13
1002,0.2,2.802,6.8923e-13
1003,0.2,2.803,1.05161e-12
1004,0.2,2.804,8.81076e-13
1005,0.2,2.805,9.27265e-13
1006,0.2,2.806,7.99364e-13
1007,0.2,2.807,7.49626e-13
1008,0.2,2.808,7.99364e-13
1009,0.2,2.809,3.87248e-13
1010,0.2,2.81,1.39267e-12
1011,0.2,2.811,5.36463e-13
1012,0.2,2.812,5.43569e-13
1013,0.2,2.813,3.908e-13
1014,0.2,2.814,5.7199e-13
1015,0.2,2.815,2.77113e-13
1016,0.2,2.816,4.01458e-13
1017,0.2,2.817,1.19372e-12
1018,0.2,2.818,6.82124e-13
1019,0.2,2.819,1.08358e-12
1020,0.2,2.82,7.60284e-13
1021,0.2,2.821,4.93831e-13
1022,0.2,2.822,7.92259e-13
1023,0.2,2.823,1.27899e-13
1024,0.2,2.824,7.6739e-13
1025,0.2,2.825,8.77524e-13
1026,0.2,2.826,7.92259e-13
1027,0.2,2.827,3.83695e-13
1028,0.2,2.828,1.44241e-12
1029,0.2,2.829,1.11201e-12
1030,0.2,2.83,2.22757e-12
1031,0.2,2.831,3.25785e-12
1032,0.2,2.832,4.8708e-12
1033,0.2,2.833,6.15333e-12
1034,0.2,2.834,6.81413e-12
1035,0.2,2.835,6.14622e-12
1036,0.2,2.836,6.30609e-12
1037,0.2,2.837,6.19951e-12
1038,0.2,2.838,6.01832e-12
1039,0.2,2.839,3.84406e-12
1040,0.2,2.84,3.59181e-12
1041,0.2,2.841,4.11762e-12
1042,0.2,2.842,5.31133e-12
1043,0.2,2.843,4.17091e-12
1044,0.2,2.844,5.89753e-12
1045,0.2,2.845,8.60473e-12
1046,0.2,2.846,1.24701e-11
1047,0.2,2.847,1.82859e-11
1048,0.2,2.848,1.73693e-11
1049,0.2,2.849,1.85986e-11
1050,0.2,2.85,1.74724e-11
1051,0.2,2.851,1.83641e-11
1052,0.2,2.852,1.56463e-11
1053,0.2,2.853,9.69541e-12
1054,0.2,2.854,7.44654e-12
1055,0.2,2.855,6.26346e-12
1056,0.2,2.856,6.09293e-12
1057,0.2,2.857,5.82648e-12
1058,0.2,2.858,6.1178e-12
1059,0.2,2.859,8.95645e-12
1060,0.2,2.86,1.02958e-11
1061,0.2,2.861,1.33512e-11
1062,0.2,2.862,1.27898e-11
1063,0.2,2.863,1.32126e-11
1064,0.2,2.864,1.23528e-11
1065,0.2,2.865,1.28751e-11
1066,0.2,2.866,9.86949e-12
1067,0.2,2.867,6.81769e-12
1068,0.2,2.868,5.44279e-12
1069,0.2,2.869,4.75356e-12
1070,0.2,2.87,3.23654e-12
1071,0.2,2.871,3.62023e-12
1072,0.2,2.872,4.39829e-12
1073,0.2,2.873,4.78198e-12
1074,0.2,2.874,5.95438e-12
1075,0.2,2.875,7.57799e-12
1076,0.2,2.876,8.27788e-12
1077,0.2,2.877,1.12799e-11
1078,0.2,2.878,1.47758e-11
1079,0.2,2.879,1.5458e-11
1080,0.2,2.88,1.5895e-11
1081,0.2,2.881,1.59625e-11
1082,0.2,2.882,1.61117e-11
1083,0.2,2.883,1.35075e-11
1084,0.2,2.884,1.19194e-11
1085,0.2,2.885,9.72383e-12
1086,0.2,2.886,9.03461e-12
1087,0.2,2.887,9.937e-12
1088,0.2,2.888,1.01253e-11
1089,0.2,2.889,1.23528e-11
1090,0.2,2.89,1.57067e-11
1091,0.2,2.891,2.26167e-11
1092,0.2,2.892,2.15189e-11
1093,0.2,2.893,2.36896e-11
1094,0.2,2.894,2.22898e-11
1095,0.2,2.895,2.21015e-11
1096,0.2,2.896,2.01689e-11
1097,0.2,2.897,1.4584e-11
1098,0.2,2.898,1.0612e-11
1099,0.2,2.899,8.45196e-12
1100,0.2,2.9,7.36128e-12
1101,0.2,2.901,5.72345e-12
1102,0.2,2.902,6.65071e-12
1103,0.2,2.903,7.41457e-12
1104,0.2,2.904,7.983e-12
1105,0.2,2.905,7.87642e-12
1106,0.2,2.906,7.20138e-12
1107,0.2,2.907,7.60642e-12
1108,0.2,2.908,7.09124e-12
1109,0.2,2.909,5.88332e-12
1110,0.2,2.91,3.84051e-12
1111,0.2,2.911,2.98785e-12
1112,0.2,2.912,2.31638e-12
1113,0.2,2.913,2.18849e-12
1114,0.2,2.914,1.63426e-12
1115,0.2,2.915,9.48581e-13
1116,0.2,2.916,1.48149e-12
1117,0.2,2.917,2.41231e-12
1118,0.2,2.918,6.28834e-13
1119,0.2,2.919,1.57031e-12
1120,0.2,2.92,1.53833e-12
1121,0.2,2.921,1.01608e-12
1122,0.2,2.922,1.819e-12
1123,0.2,2.923,9.05945e-13
1124,0.2,2.924,8.45549e-13
1125,0.2,2.925,4.12117e-13
1126,0.2,2.926,2.48691e-14
1127,0.2,2.927,6.14623e-13
1128,0.2,2.928,4.58304e-13
1129,0.2,2.929,1.52768e-13
1130,0.2,2.93,8.5976e-13
1131,0.2,2.931,3.48168e-13
1132,0.2,2.932,4.2988e-13
1133,0.2,2.933,7.85153e-13
1134,0.2,2.934,5.50674e-13
1135,0.2,2.935,4.01458e-13
1136,0.2,2.936,5.93307e-13
1137,0.2,2.937,7.99364e-13
1138,0.2,2.938,6.57256e-13
1139,0.2,2.939,8.5976e-13
1140,0.2,2.94,1.08003e-12
1141,0.2,2.941,8.41997e-13
1142,0.2,2.942,7.10546e-13
1143,0.2,2.943,9.87661e-13
1144,0.2,2.944,1.91847e-13
1145,0.2,2.945,4.22775e-13
1146,0.2,2.946,1.15109e-12
1147,0.2,2.947,1.5632e-13
1148,0.2,2.948,7.53179e-13
1149,0.2,2.949,2.66455e-13
1150,0.2,2.95,1.28964e-12
1151,0.2,2.951,1.05872e-12
1152,0.2,2.952,1.26122e-12
1153,0.2,2.953,6.07518e-13
1154,0.2,2.954,2.16716e-13
1155,0.2,2.955,4.54751e-13
1156,0.2,2.956,6.32387e-13
1157,0.2,2.957,5.43569e-13
1158,0.2,2.958,4.22775e-13
1159,0.2,2.959,9.87661e-13
1160,0.2,2.96,6.85677e-13
1161,0.2,2.961,4.19222e-13
1162,0.2,2.962,8.02917e-13
1163,0.2,2.963,3.73037e-13
1164,0.2,2.964,1.74084e-12
1165,0.2,2.965,3.01982e-13
1166,0.2,2.966,6.39492e-13
1167,0.2,2.967,2.30928e-13
1168,0.2,2.968,5.40016e-13
1169,0.2,2.969,5.86201e-13
1170,0.2,2.97,2.13164e-13
1171,0.2,2.971,1.39978e-12
1172,0.2,2.972,5.5778e-13
1173,0.2,2.973,3.908e-13
1174,0.2,2.974,8.10022e-13
1175,0.2,2.975,3.76589e-13
1176,0.2,2.976,5.36463e-13
1177,0.2,2.977,9.84109e-13
1178,0.2,2.978,5.89754e-13
1179,0.2,2.979,9.27265e-13
1180,0.2,2.98,3.55273e-13
1181,0.2,2.981,4.2988e-13
1182,0.2,2.982,8.34891e-13
1183,0.2,2.983,3.09088e-13
1184,0.2,2.984,2.80666e-13
1185,0.2,2.985,8.06469e-13
1186,0.2,2.986,6.46597e-13
1187,0.2,2.987,2.34481e-13
1188,0.2,2.988,1.18661e-12
1189,0.2,2.989,2.94877e-13
1190,0.2,2.99,8.13575e-13
1191,0.2,2.991,2.09611e-13
1192,0.2,2.992,1.14043e-12
1193,0.2,2.993,9.91214e-13
1194,0.2,2.994,2.5935e-13
1195,0.2,2.995,4.22775e-13
1196,0.2,2.996,1.13688e-12
1197,0.2,2.997,1.27543e-12
1198,0.2,2.998,9.34371e-13
1199,0.2,2.999,2.34481e-13
1200,0.4,2.4,3.48168e-13
1201,0.4,2.401,5.25805e-13
1202,0.4,2.402,1.07648e-12
1203,0.4,2.403,5.75543e-13
1204,0.4,2.404,5.79096e-13
1205,0.4,2.405,8.17128e-14
1206,0.4,2.406,6.71466e-13
1207,0.4,2.407,8.06469e-13
1208,0.4,2.408,8.06469e-13
1209,0.4,2.409,1.06937e-12
1210,0.4,2.41,2.52244e-13
1211,0.4,2.411,3.62379e-13
1212,0.4,2.412,3.26851e-13
1213,0.4,2.413,7.42521e-13
1214,0.4,2.414,9.94764e-14
1215,0.4,2.415,7.74495e-13
1216,0.4,2.416,1.01964e-12
1217,0.4,2.417,8.2068e-13
1218,0.4,2.418,3.5172e-13
1219,0.4,2.419,6.21728e-13
1220,0.4,2.42,5.29358e-13
1221,0.4,2.421,6.14623e-13
1222,0.4,2.422,1.02674e-12
1223,0.4,2.423,9.2016e-13
1224,0.4,2.424,2.20269e-13
1225,0.4,2.425,1.01253e-12
1226,0.4,2.426,5.47121e-13
1227,0.4,2.427,5.50674e-13
1228,0.4,2.428,4.58304e-13
1229,0.4,2.429,5.5778e-13
1230,0.4,2.43,5.25805e-13
1231,0.4,2.431,5.7199e-13
1232,0.4,2.432,3.908e-13
1233,0.4,2.433,4.76067e-13
1234,0.4,2.434,3.58826e-13
1235,0.4,2.435,2.02506e-13
1236,0.4,2.436,1.63426e-13
1237,0.4,2.437,4.65409e-13
1238,0.4,2.438,2.62903e-13
1239,0.4,2.439,4.86725e-13
1240,0.4,2.44,4.36986e-13
1241,0.4,2.441,2.91324e-13
1242,0.4,2.442,4.01458e-13
1243,0.4,2.443,9.59237e-14
1244,0.4,2.444,4.26327e-13
1245,0.4,2.445,4.76067e-13
1246,0.4,2.446,3.83695e-13
1247,0.4,2.447,8.02917e-13
1248,0.4,2.448,5.50674e-13
1249,0.4,2.449,7.49626e-13
1250,0.4,2.45,8.73971e-13
1251,0.4,2.451,5.187e-13
1252,0.4,2.452,8.63313e-13
1253,0.4,2.453,7.24757e-13
1254,0.4,2.454,5.75543e-13
1255,0.4,2.455,3.80142e-13
1256,0.4,2.456,4.01458e-13
1257,0.4,2.457,4.86725e-13
1258,0.4,2.458,3.908e-13
1259,0.4,2.459,3.33957e-13
1260,0.4,2.46,1.63426e-13
1261,0.4,2.461,5.89754e-13
1262,0.4,2.462,7.10547e-14
1263,0.4,2.463,2.41586e-13
1264,0.4,2.464,8.06469e-13
1265,0.4,2.465,3.16193e-13
1266,0.4,2.466,1.07648e-12
1267,0.4,2.467,5.54227e-13
1268,0.4,2.468,4.2988e-13
1269,0.4,2.469,4.76067e-13
1270,0.4,2.47,5.187e-13
1271,0.4,2.471,7.60284e-13
1272,0.4,2.472,2.16716e-13
1273,0.4,2.473,1.49215e-13
1274,0.4,2.474,1.38557e-13
1275,0.4,2.475,4.58304e-13
1276,0.4,2.476,8.06469e-13
1277,0.4,2.477,5.40016e-13
1278,0.4,2.478,6.99888e-13
1279,0.4,2.479,9.84109e-13
1280,0.4,2.48,3.09088e-13
1281,0.4,2.481,3.76589e-13
1282,0.4,2.482,1.5632e-13
1283,0.4,2.483,4.40538e-13
1284,0.4,2.484,9.52134e-13
1285,0.4,2.485,7.17652e-13
1286,0.4,2.486,3.48168e-13
1287,0.4,2.487,1.03385e-12
1288,0.4,2.488,8.45549e-13
1289,0.4,2.489,3.44615e-13
1290,0.4,2.49,1.06937e-12
1291,0.4,2.491,1.77636e-12
1292,0.4,2.492,1.47794e-12
1293,0.4,2.493,1.84742e-13
1294,0.4,2.494,6.07518e-13
1295,0.4,2.495,5.29358e-13
1296,0.4,2.496,3.908e-13
1297,0.4,2.497,5.96859e-13
1298,0.4,2.498,2.52244e-13
1299,0.4,2.499,6.03965e-13
1300,0.4,2.5,1.07648e-12
1301,0.4,2.501,4.58304e-13
1302,0.4,2.502,2.66455e-13
1303,0.4,2.503,2.55797e-13
1304,0.4,2.504,3.80142e-13
1305,0.4,2.505,6.71466e-13
1306,0.4,2.506,1.02319e-12
1307,0.4,2.507,6.21728e-13
1308,0.4,2.508,7.46074e-14
1309,0.4,2.509,1.07648e-12
1310,0.4,2.51,2.80666e-13
1311,0.4,2.511,7.38968e-13
1312,0.4,2.512,3.09088e-13
1313,0.4,2.513,8.17128e-14
1314,0.4,2.514,8.27786e-13
1315,0.4,2.515,1.12622e-12
1316,0.4,2.516,9.37923e-13
1317,0.4,2.517,3.5172e-13
1318,0.4,2.518,1.20438e-12
1319,0.4,2.519,3.55273e-13
1320,0.4,2.52,1.42109e-13
1321,0.4,2.521,5.32911e-13
1322,0.4,2.522,8.10022e-13
1323,0.4,2.523,5.64885e-13
1324,0.4,2.524,3.01982e-13
1325,0.4,2.525,2.70008e-13
1326,0.4,2.526,3.19746e-13
1327,0.4,2.527,3.44615e-13
1328,0.4,2.528,1.74084e-13
1329,0.4,2.529,9.41476e-13
1330,0.4,2.53,1.91847e-13
1331,0.4,2.531,3.65931e-13
1332,0.4,2.532,1.13688e-12
1333,0.4,2.533,3.16193e-13
1334,0.4,2.534,1.88295e-13
1335,0.4,2.535,7.60284e-13
1336,0.4,2.536,7.6739e-13
1337,0.4,2.537,1.16885e-12
1338,0.4,2.538,6.35939e-13
1339,0.4,2.539,3.30404e-13
1340,0.4,2.54,5.82649e-13
1341,0.4,2.541,3.65931e-13
1342,0.4,2.542,6.67914e-13
1343,0.4,2.543,4.86725e-13
1344,0.4,2.544,3.94353e-13
1345,0.4,2.545,7.99364e-13
1346,0.4,2.546,2.91324e-13
1347,0.4,2.547,5.36463e-13
1348,0.4,2.548,2.9843e-13
1349,0.4,2.549,4.08564e-13
1350,0.4,2.55,9.48581e-13
1351,0.4,2.551,8.63313e-13
1352,0.4,2.552,1.4282e-12
1353,0.4,2.553,2.91324e-13
1354,0.4,2.554,1.954e-13
1355,0.4,2.555,4.19222e-13
1356,0.4,2.556,7.42521e-13
1357,0.4,2.557,1.08358e-12
1358,0.4,2.558,7.21204e-13
1359,0.4,2.559,2.45139e-13
1360,0.4,2.56,1.28609e-12
1361,0.4,2.561,4.61856e-13
1362,0.4,2.562,5.89754e-13
1363,0.4,2.563,1.08003e-12
1364,0.4,2.564,6.03965e-13
1365,0.4,2.565,3.01982e-13
1366,0.4,2.566,1.45662e-13
1367,0.4,2.567,3.30404e-13
1368,0.4,2.568,2.09611e-13
1369,0.4,2.569,4.22775e-13
1370,0.4,2.57,3.65931e-13
1371,0.4,2.571,1.30385e-12
1372,0.4,2.572,9.59237e-14
1373,0.4,2.573,4.90278e-13
1374,0.4,2.574,1.63426e-13
1375,0.4,2.575,1.03029e-12
1376,0.4,2.576,1.63426e-13
1377,0.4,2.577,5.43569e-13
1378,0.4,2.578,1.0978e-12
1379,0.4,2.579,5.79096e-13
1380,0.4,2.58,2.34481e-13
1381,0.4,2.581,7.31862e-13
1382,0.4,2.582,9.45029e-13
1383,0.4,2.583,6.00412e-13
1384,0.4,2.584,3.23299e-13
1385,0.4,2.585,4.83173e-13
1386,0.4,2.586,5.86201e-13
1387,0.4,2.587,6.18176e-13
1388,0.4,2.588,3.19746e-14
1389,0.4,2.589,1.60228e-12
1390,0.4,2.59,5.32911e-13
1391,0.4,2.591,1.12977e-12
1392,0.4,2.592,2.64323e-12
1393,0.4,2.593,7.53179e-13
1394,0.4,2.594,4.2988e-13
1395,0.4,2.595,7.60284e-13
1396,0.4,2.596,3.80142e-13
1397,0.4,2.597,4.97383e-13
1398,0.4,2.598,2.34481e-13
1399,0.4,2.599,1.1724e-13
1400,0.4,2.6,8.66866e-13
1401,0.4,2.601,9.2016e-13
1402,0.4,2.602,3.55274e-14
1403,0.4,2.603,3.76589e-13
1404,0.4,2.604,8.73971e-13
1405,0.4,2.605,1.09069e-12
1406,0.4,2.606,4.72514e-13
1407,0.4,2.607,6.85677e-13
1408,0.4,2.608,6.5015e-13
1409,0.4,2.609,1.27543e-12
1410,0.4,2.61,6.21728e-13
1411,0.4,2.611,2.45139e-13
1412,0.4,2.612,5.75543e-13
1413,0.4,2.613,6.71466e-13
1414,0.4,2.614,5.61332e-13
1415,0.4,2.615,4.68962e-13
1416,0.4,2.616,9.52134e-13
1417,0.4,2.617,2.06058e-13
1418,0.4,2.618,2.73561e-13
1419,0.4,2.619,3.87248e-13
1420,0.4,2.62,3.97906e-13
1421,0.4,2.621,3.44615e-13
1422,0.4,2.622,6.92783e-13
1423,0.4,2.623,4.51196e-13
1424,0.4,2.624,3.73037e-13
1425,0.4,2.625,4.22775e-13
1426,0.4,2.626,9.52134e-13
1427,0.4,2.627,6.46597e-13
1428,0.4,2.628,1.98953e-13
1429,0.4,2.629,1.2399e-12
1430,0.4,2.63,8.17128e-14
1431,0.4,2.631,5.15147e-13
1432,0.4,2.632,4.40538e-13
1433,0.4,2.633,6.92783e-13
1434,0.4,2.634,1.52768e-13
1435,0.4,2.635,3.65931e-13
1436,0.4,2.636,8.06469e-13
1437,0.4,2.637,8.27786e-13
1438,0.4,2.638,9.02393e-13
1439,0.4,2.639,5.86201e-13
1440,0.4,2.64,4.22775e-13
1441,0.4,2.641,3.19746e-13
1442,0.4,2.642,4.36986e-13
1443,0.4,2.643,3.23299e-13
1444,0.4,2.644,1.1724e-13
1445,0.4,2.645,9.94767e-13
1446,0.4,2.646,6.5015e-13
1447,0.4,2.647,1.18306e-12
1448,0.4,2.648,3.87248e-13
1449,0.4,2.649,5.187e-13
1450,0.4,2.65,7.56731e-13
1451,0.4,2.651,7.95811e-13
1452,0.4,2.652,5.89754e-13
1453,0.4,2.653,1.06227e-12
1454,0.4,2.654,5.187e-13
1455,0.4,2.655,8.06469e-13
1456,0.4,2.656,1.59873e-13
1457,0.4,2.657,8.06469e-13
1458,0.4,2.658,5.54227e-13
1459,0.4,2.659,3.5172e-13
1460,0.4,2.66,2.13164e-13
1461,0.4,2.661,9.69898e-13
1462,0.4,2.662,7.6739e-13
1463,0.4,2.663,5.29358e-13
1464,0.4,2.664,4.05011e-13
1465,0.4,2.665,1.18306e-12
1466,0.4,2.666,7.81601e-14
1467,0.4,2.667,9.23712e-13
1468,0.4,2.668,4.40538e-13
1469,0.4,2.669,1.84742e-13
1470,0.4,2.67,1.27899e-13
1471,0.4,2.671,6.14623e-13
1472,0.4,2.672,3.94353e-13
1473,0.4,2.673,3.94353e-13
1474,0.4,2.674,2.30928e-13
1475,0.4,2.675,5.79096e-13
1476,0.4,2.676,1.26833e-12
1477,0.4,2.677,6.14623e-13
1478,0.4,2.678,9.16607e-13
1479,0.4,2.679,2.73561e-13
1480,0.4,2.68,3.26851e-13
1481,0.4,2.681,1.05161e-12
1482,0.4,2.682,3.23299e-13
1483,0.4,2.683,8.5976e-13
1484,0.4,2.684,1.35004e-13
1485,0.4,2.685,1.01253e-12
1486,0.4,2.686,6.39492e-13
1487,0.4,2.687,1.10135e-13
1488,0.4,2.688,3.69484e-13
1489,0.4,2.689,3.48168e-13
1490,0.4,2.69,6.60808e-13
1491,0.4,2.691,5.43569e-13
1492,0.4,2.692,1.13688e-12
1493,0.4,2.693,2.38034e-13
1494,0.4,2.694,1.10845e-12
1495,0.4,2.695,2.41586e-13
1496,0.4,2.696,6.18176e-13
1497,0.4,2.697,4.61856e-13
1498,0.4,2.698,1.49215e-12
1499,0.4,2.699,5.8549e-12
1500,0.4,2.7,6.07518e-13
1501,0.4,2.701,2.62903e-13
1502,0.4,2.702,4.7962e-13
1503,0.4,2.703,8.66866e-13
1504,0.4,2.704,1.09069e-12
1505,0.4,2.705,4.72514e-13
1506,0.4,2.706,6.82124e-13
1507,0.4,2.707,4.2988e-13
1508,0.4,2.708,5.40016e-13
1509,0.4,2.709,7.56731e-13
1510,0.4,2.71,2.06058e-13
1511,0.4,2.711,5.15147e-13
1512,0.4,2.712,3.05535e-13
1513,0.4,2.713,6.03965e-13
1514,0.4,2.714,4.01458e-13
1515,0.4,2.715,7.81601e-14
1516,0.4,2.716,2.13164e-13
1517,0.4,2.717,4.7962e-13
1518,0.4,2.718,6.46597e-13
1519,0.4,2.719,3.3751e-13
1520,0.4,2.72,4.7962e-13
1521,0.4,2.721,1.1724e-12
1522,0.4,2.722,3.09088e-13
1523,0.4,2.723,6.67914e-13
1524,0.4,2.724,9.87661e-13
1525,0.4,2.725,7.92259e-13
1526,0.4,2.726,1.27899e-13
1527,0.4,2.727,6.46597e-13
1528,0.4,2.728,6.71466e-13
1529,0.4,2.729,7.78048e-13
1530,0.4,2.73,6.43045e-13
1531,0.4,2.731,6.28834e-13
1532,0.4,2.732,5.82649e-13
1533,0.4,2.733,4.40538e-13
1534,0.4,2.734,4.12117e-13
1535,0.4,2.735,5.75543e-13
1536,0.4,2.736,1.06582e-12
1537,0.4,2.737,7.99364e-13
1538,0.4,2.738,1.59873e-13
1539,0.4,2.739,8.06469e-13
1540,0.4,2.74,9.55687e-13
1541,0.4,2.741,2.45139e-13
1542,0.4,2.742,8.49102e-13
1543,0.4,2.743,1.1049e-12
1544,0.4,2.744,8.2068e-13
1545,0.4,2.745,1.23635e-12
1546,0.4,2.746,6.43045e-13
1547,0.4,2.747,7.49626e-13
1548,0.4,2.748,3.3751e-13
1549,0.4,2.749,8.52656e-14
1550,0.4,2.75,3.62379e-13
1551,0.4,2.751,4.54751e-13
1552,0.4,2.752,1.1724e-13
1553,0.4,2.753,8.06469e-13
1554,0.4,2.754,3.33957e-13
1555,0.4,2.755,2.23822e-13
1556,0.4,2.756,3.76589e-13
1557,0.4,2.757,4.08564e-13
1558,0.4,2.758,9.62792e-13
1559,0.4,2.759,1.06227e-12
1560,0.4,2.76,2.23822e-13
1561,0.4,2.761,2.80666e-13
1562,0.4,2.762,6.57256e-13
1563,0.4,2.763,6.32387e-13
1564,0.4,2.764,8.63313e-13
1565,0.4,2.765,1.10135e-12
1566,0.4,2.766,7.816e-13
1567,0.4,2.767,7.816e-13
1568,0.4,2.768,1.06582e-13
1569,0.4,2.769,5.89754e-13
1570,0.4,2.77,3.09088e-13
1571,0.4,2.771,8.95287e-13
1572,0.4,2.772,7.74495e-13
1573,0.4,2.773,9.05945e-13
1574,0.4,2.774,1.39622e-12
1575,0.4,2.775,1.01964e-12
1576,0.4,2.776,6.28834e-13
1577,0.4,2.777,9.55687e-13
1578,0.4,2.778,8.88182e-13
1579,0.4,2.779,8.02917e-13
1580,0.4,2.78,9.5924e-13
1581,0.4,2.781,1.77992e-12
1582,0.4,2.782,3.05535e-13
1583,0.4,2.783,9.84109e-13
1584,0.4,2.784,2.20269e-13
1585,0.4,2.785,6.14623e-13
1586,0.4,2.786,2.84219e-13
1587,0.4,2.787,7.85153e-13
1588,0.4,2.788,3.83695e-13
1589,0.4,2.789,8.24233e-13
1590,0.4,2.79,1.42109e-13
1591,0.4,2.791,3.23299e-13
1592,0.4,2.792,1.39978e-12
1593,0.4,2.793,1.14043e-12
1594,0.4,2.794,1.86874e-12
1595,0.4,2.795,1.84742e-12
1596,0.4,2.796,2.6681e-12
1597,0.4,2.797,1.34293e-12
1598,0.4,2.798,3.9542e-12
1599,0.4,2.799,4.3521e-12
1600,0.4,2.8,5.61332e-12
1601,0.4,2.801,5.36463e-12
1602,0.4,2.802,5.70924e-12
1603,0.4,2.803,4.12118e-12
1604,0.4,2.804,1.90427e-12
1605,0.4,2.805,2.13164e-12
1606,0.4,2.806,1.01253e-12
1607,0.4,2.807,9.69898e-13
1608,0.4,2.808,1.06937e-12
1609,0.4,2.809,1.38557e-12
1610,0.4,2.81,1.01964e-12
1611,0.4,2.811,1.68755e-12
1612,0.4,2.812,5.36463e-13
1613,0.4,2.813,7.70942e-13
1614,0.4,2.814,9.27265e-13
1615,0.4,2.815,9.2016e-13
1616,0.4,2.816,9.55687e-13
1617,0.4,2.817,2.00374e-12
1618,0.4,2.818,1.24701e-12
1619,0.4,2.819,2.77113e-12
1620,0.4,2.82,3.47457e-12
1621,0.4,2.821,3.42128e-12
1622,0.4,2.822,5.64174e-12
1623,0.4,2.823,6.99887e-12
1624,0.4,2.824,9.59238e-12
1625,0.4,2.825,1.21645e-11
1626,0.4,2.826,1.38237e-11
1627,0.4,2.827,1.82433e-11
1628,0.4,2.828,1.92629e-11
1629,0.4,2.829,1.84387e-11
1630,0.4,2.83,1.81332e-11
1631,0.4,2.831,1.33867e-11
1632,0.4,2.832,1.36531e-11
1633,0.4,2.833,9.79133e-12
1634,0.4,2.834,6.72176e-12
1635,0.4,2.835,5.20475e-12
1636,0.4,2.836,3.36799e-12
1637,0.4,2.837,2.28086e-12
1638,0.4,2.838,2.69297e-12
1639,0.4,2.839,2.19914e-12
1640,0.4,2.84,1.97177e-12
1641,0.4,2.841,1.37846e-12
1642,0.4,2.842,1.51702e-12
1643,0.4,2.843,1.58807e-12
1644,0.4,2.844,1.06937e-12
1645,0.4,2.845,1.26833e-12
1646,0.4,2.846,2.17783e-12
1647,0.4,2.847,1.85453e-12
1648,0.4,2.848,2.02151e-12
1649,0.4,2.849,2.45494e-12
1650,0.4,2.85,3.73748e-12
1651,0.4,2.851,4.2242e-12
1652,0.4,2.852,7.15875e-12
1653,0.4,2.853,1.15393e-11
1654,0.4,2.854,1.25553e-11
1655,0.4,2.855,1.1653e-11
1656,0.4,2.856,1.23635e-11
1657,0.4,2.857,1.12337e-11
1658,0.4,2.858,1.15108e-11
1659,0.4,2.859,8.02208e-12
1660,0.4,2.86,5.44279e-12
1661,0.4,2.861,4.68961e-12
1662,0.4,2.862,3.71617e-12
1663,0.4,2.863,2.55086e-12
1664,0.4,2.864,2.29151e-12
1665,0.4,2.865,2.62192e-12
1666,0.4,2.866,1.31806e-12
1667,0.4,2.867,1.03385e-12
1668,0.4,2.868,1.02674e-12
1669,0.4,2.869,7.56731e-13
1670,0.4,2.87,1.59873e-12
1671,0.4,2.871,7.49626e-13
1672,0.4,2.872,1.6982e-12
1673,0.4,2.873,2.07835e-12
1674,0.4,2.874,1.12977e-12
1675,0.4,2.875,5.22252e-13
1676,0.4,2.876,1.12977e-12
1677,0.4,2.877,9.23712e-13
1678,0.4,2.878,9.84109e-13
1679,0.4,2.879,2.13164e-13
1680,0.4,2.88,9.02393e-13
1681,0.4,2.881,1.42465e-12
1682,0.4,2.882,2.08546e-12
1683,0.4,2.883,2.25954e-12
1684,0.4,2.884,3.50654e-12
1685,0.4,2.885,3.24364e-12
1686,0.4,2.886,4.09275e-12
1687,0.4,2.887,5.61332e-12
1688,0.4,2.888,7.31509e-12
1689,0.4,2.889,7.81247e-12
1690,0.4,2.89,1.36673e-11
1691,0.4,2.891,1.39942e-11
1692,0.4,2.892,1.56924e-11
1693,0.4,2.893,1.54793e-11
1694,0.4,2.894,1.49784e-11
1695,0.4,2.895,1.45627e-11
1696,0.4,2.896,1.10348e-11
1697,0.4,2.897,8.29209e-12
1698,0.4,2.898,7.54602e-12
1699,0.4,2.899,5.54937e-12
1700,0.4,2.9,4.78553e-12
1701,0.4,2.901,3.96841e-12
1702,0.4,2.902,2.8564e-12
1703,0.4,2.903,2.42652e-12
1704,0.4,2.904,2.28086e-12
1705,0.4,2.905,1.66978e-12
1706,0.4,2.906,2.18849e-12
1707,0.4,2.907,2.61481e-12
1708,0.4,2.908,2.66455e-12
1709,0.4,2.909,3.34667e-12
1710,0.4,2.91,3.30404e-12
1711,0.4,2.911,3.97196e-12
1712,0.4,2.912,5.66305e-12
1713,0.4,2.913,6.88519e-12
1714,0.4,2.914,1.15215e-11
1715,0.4,2.915,1.50032e-11
1716,0.4,2.916,1.56569e-11
1717,0.4,2.917,1.92985e-11
1718,0.4,2.918,1.92274e-11
1719,0.4,2.919,2.01227e-11
1720,0.4,2.92,1.81971e-11
1721,0.4,2.921,1.3916e-11
1722,0.4,2.922,1.26086e-11
1723,0.4,2.923,8.99197e-12
1724,0.4,2.924,6.3807e-12
1725,0.4,2.925,4.63632e-12
1726,0.4,2.926,3.94709e-12
1727,0.4,2.927,3.56339e-12
1728,0.4,2.928,3.15482e-12
1729,0.4,2.929,2.37323e-12
1730,0.4,2.93,1.47083e-12
1731,0.4,2.931,1.54544e-12
1732,0.4,2.932,9.84109e-13
1733,0.4,2.933,1.06227e-12
1734,0.4,2.934,1.21148e-12
1735,0.4,2.935,1.74439e-12
1736,0.4,2.936,1.4353e-12
1737,0.4,2.937,2.18493e-12
1738,0.4,2.938,2.76403e-12
1739,0.4,2.939,3.19746e-12
1740,0.4,2.94,4.89211e-12
1741,0.4,2.941,6.9669e-12
1742,0.4,2.942,7.22625e-12
1743,0.4,2.943,7.30799e-12
1744,0.4,2.944,7.43589e-12
1745,0.4,2.945,6.71821e-12
1746,0.4,2.946,6.40557e-12
1747,0.4,2.947,4.78553e-12
1748,0.4,2.948,3.66998e-12
1749,0.4,2.949,2.54731e-12
1750,0.4,2.95,2.10322e-12
1751,0.4,2.951,1.61649e-12
1752,0.4,2.952,1.77992e-12
1753,0.4,2.953,1.31806e-12
1754,0.4,2.954,6.53703e-13
1755,0.4,2.955,1.00542e-12
1756,0.4,2.956,3.52431e-12
1757,0.4,2.957,1.12622e-12
1758,0.4,2.958,6.99888e-13
1759,0.4,2.959,1.66978e-13
1760,0.4,2.96,1.25411e-12
1761,0.4,2.961,2.70008e-13
1762,0.4,2.962,4.76067e-13
1763,0.4,2.963,1.11201e-12
1764,0.4,2.964,2.73561e-13
1765,0.4,2.965,4.54751e-13
1766,0.4,2.966,3.44615e-13
1767,0.4,2.967,5.89754e-13
1768,0.4,2.968,1.27899e-13
1769,0.4,2.969,1.66978e-12
1770,0.4,2.97,3.48168e-13
1771,0.4,2.971,7.70942e-13
1772,0.4,2.972,5.43569e-13
1773,0.4,2.973,5.15147e-13
1774,0.4,2.974,5.43569e-13
1775,0.4,2.975,3.73037e-13
1776,0.4,2.976,9.52134e-13
1777,0.4,2.977,3.5172e-13
1778,0.4,2.978,1.46728e-12
1779,0.4,2.979,5.68438e-13
1780,0.4,2.98,3.16193e-13
1781,0.4,2.981,1.12266e-12
1782,0.4,2.982,7.56731e-13
1783,0.4,2.983,8.10022e-13
1784,0.4,2.984,4.97383e-13
1785,0.4,2.985,3.16193e-13
1786,0.4,2.986,1.3003e-12
1787,0.4,2.987,8.81076e-13
1788,0.4,2.988,1.43886e-12
1789,0.4,2.989,2.70008e-13
1790,0.4,2.99,5.89754e-13
1791,0.4,2.991,1.46728e-12
1792,0.4,2.992,5.96859e-13
1793,0.4,2.993,1.72307e-12
1794,0.4,2.994,8.24233e-13
1795,0.4,2.995,4.22775e-13
1796,0.4,2.996,3.41062e-13
1797,0.4,2.997,7.2831e-13
1798,0.4,2.998,4.22775e-13
1799,0.4,2.999,5.22252e-13
1800,0.6,2.4,4.2988e-13
1801,0.6,2.401,8.77524e-13
1802,0.6,2.402,3.19746e-13
1803,0.6,2.403,5.32909e-14
1804,0.6,2.404,9.34371e-13
1805,0.6,2.405,7.38968e-13
1806,0.6,2.406,4.33433e-13
1807,0.6,2.407,7.21204e-13
1808,0.6,2.408,3.26851e-13
1809,0.6,2.409,5.04489e-13
1810,0.6,2.41,5.187e-13
1811,0.6,2.411,7.88706e-13
1812,0.6,2.412,4.36986e-13
1813,0.6,2.413,6.00412e-13
1814,0.6,2.414,3.76589e-13
1815,0.6,2.415,2.73561e-13
1816,0.6,2.416,3.83695e-13
1817,0.6,2.417,3.01982e-13
1818,0.6,2.418,3.05535e-13
1819,0.6,2.419,3.48168e-13
1820,0.6,2.42,8.24233e-13
1821,0.6,2.421,3.94353e-13
1822,0.6,2.422,4.40538e-13
1823,0.6,2.423,4.61856e-13
1824,0.6,2.424,7.85153e-13
1825,0.6,2.425,1.81189e-13
1826,0.6,2.426,4.05011e-13
1827,0.6,2.427,7.53179e-13
1828,0.6,2.428,7.95811e-13
1829,0.6,2.429,1.06227e-12
1830,0.6,2.43,4.93831e-13
1831,0.6,2.431,9.02393e-13
1832,0.6,2.432,4.83173e-13
1833,0.6,2.433,6.67914e-13
1834,0.6,2.434,7.95811e-13
1835,0.6,2.435,6.85677e-13
1836,0.6,2.436,1.03385e-12
1837,0.6,2.437,5.7199e-13
1838,0.6,2.438,5.50674e-13
1839,0.6,2.439,1.88295e-13
1840,0.6,2.44,1.09069e-12
1841,0.6,2.441,6.39493e-14
1842,0.6,2.442,6.78572e-13
1843,0.6,2.443,4.19222e-13
1844,0.6,2.444,4.36986e-13
1845,0.6,2.445,7.53179e-13
1846,0.6,2.446,8.56207e-13
1847,0.6,2.447,7.70942e-13
1848,0.6,2.448,5.82649e-13
1849,0.6,2.449,4.68962e-13
1850,0.6,2.45,4.76067e-13
1851,0.6,2.451,1.27899e-13
1852,0.6,2.452,6.64361e-13
1853,0.6,2.453,4.2988e-13
1854,0.6,2.454,6.14623e-13
1855,0.6,2.455,4.33433e-13
1856,0.6,2.456,5.96859e-13
1857,0.6,2.457,2.13164e-13
1858,0.6,2.458,1.88295e-13
1859,0.6,2.459,1.59873e-13
1860,0.6,2.46,1.06582e-13
1861,0.6,2.461,7.10547e-14
1862,0.6,2.462,4.19222e-13
1863,0.6,2.463,3.09088e-13
1864,0.6,2.464,4.36986e-13
1865,0.6,2.465,1.91847e-13
1866,0.6,2.466,5.00936e-13
1867,0.6,2.467,5.61332e-13
1868,0.6,2.468,6.8923e-13
1869,0.6,2.469,4.51196e-13
1870,0.6,2.47,1.23457e-11
1871,0.6,2.471,3.5172e-13
1872,0.6,2.472,1.74084e-13
1873,0.6,2.473,2.62903e-13
1874,0.6,2.474,1.5632e-13
1875,0.6,2.475,5.25805e-13
1876,0.6,2.476,5.47121e-13
1877,0.6,2.477,8.84629e-13
1878,0.6,2.478,3.48168e-13
1879,0.6,2.479,2.02506e-13
1880,0.6,2.48,5.89754e-13
1881,0.6,2.481,8.06469e-13
1882,0.6,2.482,6.8923e-13
1883,0.6,2.483,4.97383e-13
1884,0.6,2.484,5.15147e-13
1885,0.6,2.485,6.75019e-13
1886,0.6,2.486,2.23822e-13
1887,0.6,2.487,9.55687e-13
1888,0.6,2.488,3.3751e-13
1889,0.6,2.489,2.66455e-13
1890,0.6,2.49,1.81189e-13
1891,0.6,2.491,3.69484e-13
1892,0.6,2.492,6.96335e-13
1893,0.6,2.493,5.89754e-13
1894,0.6,2.494,2.38034e-13
1895,0.6,2.495,2.87772e-13
1896,0.6,2.496,4.7962e-13
1897,0.6,2.497,2.16716e-13
1898,0.6,2.498,3.19746e-14
1899,0.6,2.499,6.85677e-13
1900,0.6,2.5,2.34481e-13
1901,0.6,2.501,1.18661e-12
1902,0.6,2.502,6.64361e-13
1903,0.6,2.503,9.16607e-13
1904,0.6,2.504,5.82649e-13
1905,0.6,2.505,2.13164e-13
1906,0.6,2.506,2.55797e-13
1907,0.6,2.507,7.46074e-14
1908,0.6,2.508,3.33957e-13
1909,0.6,2.509,4.65409e-13
1910,0.6,2.51,8.10022e-13
1911,0.6,2.511,5.40016e-13
1912,0.6,2.512,2.09611e-13
1913,0.6,2.513,7.85153e-13
1914,0.6,2.514,1.81189e-13
1915,0.6,2.515,5.00936e-13
1916,0.6,2.516,7.60284e-13
1917,0.6,2.517,1.00898e-12
1918,0.6,2.518,3.23299e-13
1919,0.6,2.519,1.27899e-13
1920,0.6,2.52,8.56207e-13
1921,0.6,2.521,7.06993e-13
1922,0.6,2.522,6.99888e-13
1923,0.6,2.523,6.99888e-13
1924,0.6,2.524,1.30741e-12
1925,0.6,2.525,3.48168e-13
1926,0.6,2.526,3.908e-13
1927,0.6,2.527,4.65409e-13
1928,0.6,2.528,2.13164e-13
1929,0.6,2.529,5.5778e-13
1930,0.6,2.53,6.32387e-13
1931,0.6,2.531,2.38034e-13
1932,0.6,2.532,7.2831e-13
1933,0.6,2.533,5.64885e-13
1934,0.6,2.534,1.84742e-13
1935,0.6,2.535,8.38444e-13
1936,0.6,2.536,4.90278e-13
1937,0.6,2.537,7.10547e-14
1938,0.6,2.538,6.82124e-13
1939,0.6,2.539,6.71466e-13
1940,0.6,2.54,4.19222e-13
1941,0.6,2.541,1.38557e-13
1942,0.6,2.542,8.17128e-13
1943,0.6,2.543,3.30404e-13
1944,0.6,2.544,8.17128e-14
1945,0.6,2.545,5.64885e-13
1946,0.6,2.546,6.71466e-13
1947,0.6,2.547,3.3751e-13
1948,0.6,2.548,4.44091e-13
1949,0.6,2.549,7.88706e-13
1950,0.6,2.55,1.81189e-13
1951,0.6,2.551,2.30928e-13
1952,0.6,2.552,4.97383e-13
1953,0.6,2.553,4.2988e-13
1954,0.6,2.554,6.71466e-13
1955,0.6,2.555,6.18176e-13
1956,0.6,2.556,1.42109e-13
1957,0.6,2.557,7.42521e-13
1958,0.6,2.558,1.70531e-13
1959,0.6,2.559,7.06993e-13
1960,0.6,2.56,8.63313e-13
1961,0.6,2.561,2.94877e-13
1962,0.6,2.562,8.13575e-13
1963,0.6,2.563,6.57256e-13
1964,0.6,2.564,5.89754e-13
1965,0.6,2.565,3.44615e-13
1966,0.6,2.566,1.0978e-12
1967,0.6,2.567,2.45139e-13
1968,0.6,2.568,1.02319e-12
1969,0.6,2.569,5.29358e-13
1970,0.6,2.57,8.70418e-13
1971,0.6,2.571,6.92783e-13
1972,0.6,2.572,5.22252e-13
1973,0.6,2.573,5.50674e-13
1974,0.6,2.574,2.38034e-13
1975,0.6,2.575,1.0978e-12
1976,0.6,2.576,3.48168e-13
1977,0.6,2.577,6.18176e-13
1978,0.6,2.578,7.63837e-13
1979,0.6,2.579,4.08564e-13
1980,0.6,2.58,4.05011e-13
1981,0.6,2.581,8.38444e-13
1982,0.6,2.582,1.74084e-13
1983,0.6,2.583,8.73971e-13
1984,0.6,2.584,6.03965e-13
1985,0.6,2.585,7.06993e-13
1986,0.6,2.586,2.94877e-13
1987,0.6,2.587,5.22252e-13
1988,0.6,2.588,7.24757e-13
1989,0.6,2.589,6.75019e-13
1990,0.6,2.59,9.37923e-13
1991,0.6,2.591,6.35939e-13
1992,0.6,2.592,5.25805e-13
1993,0.6,2.593,5.43569e-13
1994,0.6,2.594,5.36463e-13
1995,0.6,2.595,7.10546e-13
1996,0.6,2.596,8.84629e-13
1997,0.6,2.597,8.73971e-13
1998,0.6,2.598,2.13164e-13
1999,0.6,2.599,8.31338e-13
2000,0.6,2.6,4.05011e-13
2001,0.6,2.601,2.20269e-13
2002,0.6,2.602,9.23712e-13
2003,0.6,2.603,9.45029e-13
2004,0.6,2.604,6.03965e-13
2005,0.6,2.605,3.87248e-13
2006,0.6,2.606,9.94767e-13
2007,0.6,2.607,4.36986e-13
2008,0.6,2.608,4.08564e-13
2009,0.6,2.609,3.41062e-13
2010,0.6,2.61,3.62379e-13
2011,0.6,2.611,3.76589e-13
2012,0.6,2.612,5.89754e-13
2013,0.6,2.613,4.26327e-13
2014,0.6,2.614,3.23299e-13
2015,0.6,2.615,1.10845e-12
2016,0.6,2.616,7.56731e-13
2017,0.6,2.617,8.27786e-13
2018,0.6,2.618,8.5976e-13
2019,0.6,2.619,6.64361e-13
2020,0.6,2.62,5.79096e-13
2021,0.6,2.621,3.97906e-13
2022,0.6,2.622,2.34481e-13
2023,0.6,2.623,6.46597e-13
2024,0.6,2.624,6.43045e-13
2025,0.6,2.625,8.24233e-13
2026,0.6,2.626,9.94764e-14
2027,0.6,2.627,1.42109e-12
2028,0.6,2.628,4.2988e-13
2029,0.6,2.629,6.8923e-13
2030,0.6,2.63,2.13164e-13
2031,0.6,2.631,7.816e-13
2032,0.6,2.632,2.48692e-13
2033,0.6,2.633,6.67914e-13
2034,0.6,2.634,3.5172e-13
2035,0.6,2.635,6.43045e-13
2036,0.6,2.636,6.32387e-13
2037,0.6,2.637,1.06582e-12
2038,0.6,2.638,5.25805e-13
2039,0.6,2.639,8.24233e-13
2040,0.6,2.64,1.21504e-12
2041,0.6,2.641,4.61855e-14
2042,0.6,2.642,3.76589e-13
2043,0.6,2.643,6.18176e-13
2044,0.6,2.644,1.63426e-13
2045,0.6,2.645,2.77113e-13
2046,0.6,2.646,4.36986e-13
2047,0.6,2.647,4.19222e-13
2048,0.6,2.648,5.79096e-13
2049,0.6,2.649,2.62903e-13
2050,0.6,2.65,8.88183e-14
2051,0.6,2.651,6.53703e-13
2052,0.6,2.652,2.45139e-13
2053,0.6,2.653,9.7345e-13
2054,0.6,2.654,7.03441e-13
2055,0.6,2.655,1.14398e-12
2056,0.6,2.656,1.01608e-12
2057,0.6,2.657,3.01982e-13
2058,0.6,2.658,5.68438e-13
2059,0.6,2.659,5.36463e-13
2060,0.6,2.66,7.56731e-13
2061,0.6,2.661,2.09611e-13
2062,0.6,2.662,7.88706e-13
2063,0.6,2.663,2.9843e-13
2064,0.6,2.664,9.66345e-13
2065,0.6,2.665,8.5976e-13
2066,0.6,2.666,5.64885e-13
2067,0.6,2.667,4.15669e-13
2068,0.6,2.668,8.06469e-13
2069,0.6,2.669,7.49626e-13
2070,0.6,2.67,1.01964e-12
2071,0.6,2.671,5.68438e-13
2072,0.6,2.672,3.48168e-13
2073,0.6,2.673,3.80142e-13
2074,0.6,2.674,3.3751e-13
2075,0.6,2.675,4.12117e-13
2076,0.6,2.676,1.31451e-13
2077,0.6,2.677,6.5015e-13
2078,0.6,2.678,1.02319e-12
2079,0.6,2.679,1.01608e-12
2080,0.6,2.68,4.36986e-13
2081,0.6,2.681,7.95811e-13
2082,0.6,2.682,1.37491e-12
2083,0.6,2.683,4.68962e-13
2084,0.6,2.684,1.05516e-12
2085,0.6,2.685,8.63313e-13
2086,0.6,2.686,5.64885e-13
2087,0.6,2.687,5.93307e-13
2088,0.6,2.688,1.88295e-13
2089,0.6,2.689,1.06582e-13
2090,0.6,2.69,3.97906e-13
2091,0.6,2.691,3.23299e-13
2092,0.6,2.692,7.816e-13
2093,0.6,2.693,4.65409e-13
2094,0.6,2.694,3.01982e-13
2095,0.6,2.695,2.38034e-13
2096,0.6,2.696,3.90801e-14
2097,0.6,2.697,6.78572e-13
2098,0.6,2.698,8.41997e-13
2099,0.6,2.699,1.47438e-12
2100,0.6,2.7,1.63426e-13
2101,0.6,2.701,3.908e-13
2102,0.6,2.702,4.36986e-13
2103,0.6,2.703,6.99888e-13
2104,0.6,2.704,1.06582e-13
2105,0.6,2.705,7.10547e-14
2106,0.6,2.706,5.15147e-13
2107,0.6,2.707,7.56731e-13
2108,0.6,2.708,5.32911e-13
2109,0.6,2.709,6.64361e-13
2110,0.6,2.71,6.00412e-13
2111,0.6,2.711,5.79096e-13
2112,0.6,2.712,8.84629e-13
2113,0.6,2.713,3.19746e-13
2114,0.6,2.714,3.76589e-13
2115,0.6,2.715,4.97383e-13
2116,0.6,2.716,7.49626e-13
2117,0.6,2.717,7.42521e-13
2118,0.6,2.718,8.81076e-13
2119,0.6,2.719,5.32909e-14
2120,0.6,2.72,3.94353e-13
2121,0.6,2.721,5.7199e-13
2122,0.6,2.722,5.79096e-13
2123,0.6,2.723,8.02917e-13
2124,0.6,2.724,1.15819e-12
2125,0.6,2.725,5.89754e-13
2126,0.6,2.726,5.64885e-13
2127,0.6,2.727,1.34293e-12
2128,0.6,2.728,3.65931e-13
2129,0.6,2.729,5.25805e-13
2130,0.6,2.73,7.42521e-13
2131,0.6,2.731,1.21504e-12
2132,0.6,2.732,3.41062e-13
2133,0.6,2.733,8.81076e-13
2134,0.6,2.734,5.08042e-13
2135,0.6,2.735,1.08714e-12
2136,0.6,2.736,4.65409e-13
2137,0.6,2.737,5.54227e-13
2138,0.6,2.738,1.07648e-12
2139,0.6,2.739,8.73971e-13
2140,0.6,2.74,8.91735e-13
2141,0.6,2.741,6.53703e-13
2142,0.6,2.742,9.55687e-13
2143,0.6,2.743,4.83173e-13
2144,0.6,2.744,6.75019e-13
2145,0.6,2.745,4.08564e-13
2146,0.6,2.746,5.00936e-13
2147,0.6,2.747,2.5935e-13
2148,0.6,2.748,2.38034e-13
2149,0.6,2.749,7.03441e-13
2150,0.6,2.75,6.07518e-13
2151,0.6,2.751,9.69898e-13
2152,0.6,2.752,6.28834e-13
2153,0.6,2.753,6.5015e-13
2154,0.6,2.754,9.45029e-13
2155,0.6,2.755,8.56207e-13
2156,0.6,2.756,8.2068e-13
2157,0.6,2.757,8.52655e-13
2158,0.6,2.758,5.00936e-13
2159,0.6,2.759,1.65202e-12
2160,0.6,2.76,1.05516e-12
2161,0.6,2.761,9.30818e-13
2162,0.6,2.762,2.37678e-12
2163,0.6,2.763,3.74459e-12
2164,0.6,2.764,4.23486e-12
2165,0.6,2.765,3.69485e-12
2166,0.6,2.766,5.22252e-12
2167,0.6,2.767,4.15315e-12
2168,0.6,2.768,4.03946e-12
2169,0.6,2.769,2.43362e-12
2170,0.6,2.77,1.98598e-12
2171,0.6,2.771,1.51702e-12
2172,0.6,2.772,9.94767e-13
2173,0.6,2.773,2.11388e-12
2174,0.6,2.774,9.45029e-13
2175,0.6,2.775,1.38201e-12
2176,0.6,2.776,9.45029e-13
2177,0.6,2.777,5.61332e-13
2178,0.6,2.778,8.49102e-13
2179,0.6,2.779,5.54227e-13
2180,0.6,2.78,9.66345e-13
2181,0.6,2.781,2.84219e-14
2182,0.6,2.782,2.20269e-13
2183,0.6,2.783,3.09088e-13
2184,0.6,2.784,4.72514e-13
2185,0.6,2.785,5.08042e-13
2186,0.6,2.786,9.55687e-13
2187,0.6,2.787,4.05011e-13
2188,0.6,2.788,6.85677e-13
2189,0.6,2.789,1.66268e-12
2190,0.6,2.79,2.66455e-13
2191,0.6,2.791,1.41043e-12
2192,0.6,2.792,1.35714e-12
2193,0.6,2.793,7.38968e-13
2194,0.6,2.794,1.35359e-12
2195,0.6,2.795,1.57386e-12
2196,0.6,2.796,1.53123e-12
2197,0.6,2.797,1.06937e-12
2198,0.6,2.798,1.84032e-12
2199,0.6,2.799,1.34649e-12
2200,0.6,2.8,2.57928e-12
2201,0.6,2.801,3.88314e-12
2202,0.6,2.802,5.22962e-12
2203,0.6,2.803,7.6455e-12
2204,0.6,2.804,8.13577e-12
2205,0.6,2.805,8.70065e-12
2206,0.6,2.806,9.2904e-12
2207,0.6,2.807,1.07719e-11
2208,0.6,2.808,1.2058e-11
2209,0.6,2.809,1.27579e-11
2210,0.6,2.81,1.27614e-11
2211,0.6,2.811,1.13652e-11
2212,0.6,2.812,1.26726e-11
2213,0.6,2.813,1.09033e-11
2214,0.6,2.814,1.08429e-11
2215,0.6,2.815,6.32031e-12
2216,0.6,2.816,5.53516e-12
2217,0.6,2.817,3.51009e-12
2218,0.6,2.818,2.53665e-12
2219,0.6,2.819,2.31638e-12
2220,0.6,2.82,1.35359e-12
2221,0.6,2.821,1.34649e-12
2222,0.6,2.822,1.17596e-12
2223,0.6,2.823,1.10135e-12
2224,0.6,2.824,7.78048e-13
2225,0.6,2.825,9.7345e-13
2226,0.6,2.826,1.20082e-12
2227,0.6,2.827,3.5172e-13
2228,0.6,2.828,5.61332e-13
2229,0.6,2.829,7.31862e-13
2230,0.6,2.83,2.30928e-13
2231,0.6,2.831,1.27543e-12
2232,0.6,2.832,1.53123e-12
2233,0.6,2.833,6.53703e-13
2234,0.6,2.834,2.45139e-13
2235,0.6,2.835,1.42109e-12
2236,0.6,2.836,1.32162e-12
2237,0.6,2.837,1.03385e-12
2238,0.6,2.838,1.73018e-12
2239,0.6,2.839,2.55797e-13
2240,0.6,2.84,1.40688e-12
2241,0.6,2.841,1.7586e-12
2242,0.6,2.842,1.0374e-12
2243,0.6,2.843,2.33415e-12
2244,0.6,2.844,3.16548e-12
2245,0.6,2.845,4.45868e-12
2246,0.6,2.846,5.88332e-12
2247,0.6,2.847,7.50339e-12
2248,0.6,2.848,1.10454e-11
2249,0.6,2.849,9.31172e-12
2250,0.6,2.85,1.05836e-11
2251,0.6,2.851,8.81434e-12
2252,0.6,2.852,9.6208e-12
2253,0.6,2.853,8.13577e-12
2254,0.6,2.854,5.12304e-12
2255,0.6,2.855,4.84948e-12
2256,0.6,2.856,3.37509e-12
2257,0.6,2.857,2.49047e-12
2258,0.6,2.858,2.30217e-12
2259,0.6,2.859,2.4052e-12
2260,0.6,2.86,5.187e-13
2261,0.6,2.861,9.77003e-13
2262,0.6,2.862,1.02674e-12
2263,0.6,2.863,1.28254e-12
2264,0.6,2.864,9.91214e-13
2265,0.6,2.865,8.34891e-13
2266,0.6,2.866,8.31338e-13
2267,0.6,2.867,8.49102e-13
2268,0.6,2.868,5.61332e-13
2269,0.6,2.869,7.2831e-13
2270,0.6,2.87,4.83173e-13
2271,0.6,2.871,8.34891e-13
2272,0.6,2.872,5.36463e-13
2273,0.6,2.873,4.54751e-13
2274,0.6,2.874,1.28254e-12
2275,0.6,2.875,3.908e-13
2276,0.6,2.876,7.60284e-13
2277,0.6,2.877,3.58826e-13
2278,0.6,2.878,1.24346e-13
2279,0.6,2.879,6.03966e-14
2280,0.6,2.88,5.04489e-13
2281,0.6,2.881,1.01608e-12
2282,0.6,2.882,6.92783e-13
2283,0.6,2.883,2.66455e-13
2284,0.6,2.884,2.16716e-13
2285,0.6,2.885,1.40333e-12
2286,0.6,2.886,3.908e-13
2287,0.6,2.887,1.19017e-12
2288,0.6,2.888,1.0445e-12
2289,0.6,2.889,9.30818e-13
2290,0.6,2.89,7.56731e-13
2291,0.6,2.891,1.47083e-12
2292,0.6,2.892,1.19727e-12
2293,0.6,2.893,7.2831e-13
2294,0.6,2.894,7.31862e-13
2295,0.6,2.895,1.41399e-12
2296,0.6,2.896,1.74439e-12
2297,0.6,2.897,2.03572e-12
2298,0.6,2.898,2.06769e-12
2299,0.6,2.899,2.74271e-12
2300,0.6,2.9,3.54207e-12
2301,0.6,2.901,3.22233e-12
2302,0.6,2.902,4.45868e-12
2303,0.6,2.903,5.9224e-12
2304,0.6,2.904,9.42896e-12
2305,0.6,2.905,1.23351e-11
2306,0.6,2.906,1.12231e-11
2307,0.6,2.907,1.25553e-11
2308,0.6,2.908,1.1962e-11
2309,0.6,2.909,1.21042e-11
2310,0.6,2.91,1.04664e-11
2311,0.6,2.911,8.1038e-12
2312,0.6,2.912,6.52992e-12
2313,0.6,2.913,5.33265e-12
2314,0.6,2.914,3.57404e-12
2315,0.6,2.915,3.35022e-12
2316,0.6,2.916,2.3981e-12
2317,0.6,2.917,2.60415e-12
2318,0.6,2.918,1.83321e-12
2319,0.6,2.919,1.12266e-12
2320,0.6,2.92,1.17596e-12
2321,0.6,2.921,1.38201e-12
2322,0.6,2.922,1.21504e-12
2323,0.6,2.923,1.58096e-12
2324,0.6,2.924,1.89361e-12
2325,0.6,2.925,1.24701e-12
2326,0.6,2.926,1.87585e-12
2327,0.6,2.927,1.97888e-12
2328,0.6,2.928,1.21148e-12
2329,0.6,2.929,1.45307e-12
2330,0.6,2.93,1.11911e-12
2331,0.6,2.931,1.17951e-12
2332,0.6,2.932,1.80479e-12
2333,0.6,2.933,2.21691e-12
2334,0.6,2.934,3.25785e-12
2335,0.6,2.935,3.92222e-12
2336,0.6,2.936,4.1567e-12
2337,0.6,2.937,4.90277e-12
2338,0.6,2.938,7.00953e-12
2339,0.6,2.939,1.0676e-11
2340,0.6,2.94,1.36745e-11
2341,0.6,2.941,1.43566e-11
2342,0.6,2.942,1.64598e-11
2343,0.6,2.943,1.62218e-11
2344,0.6,2.944,1.86021e-11
2345,0.6,2.945,1.90604e-11
2346,0.6,2.946,1.58346e-11
2347,0.6,2.947,1.56285e-11
2348,0.6,2.948,1.34471e-11
2349,0.6,2.949,1.25269e-11
2350,0.6,2.95,1.11876e-11
2351,0.6,2.951,8.35249e-12
2352,0.6,2.952,7.89774e-12
2353,0.6,2.953,5.36107e-12
2354,0.6,2.954,4.81751e-12
2355,0.6,2.955,3.55628e-12
2356,0.6,2.956,3.77301e-12
2357,0.6,2.957,2.19204e-12
2358,0.6,2.958,2.73205e-12
2359,0.6,2.959,2.22046e-12
2360,0.6,2.96,9.77003e-13
2361,0.6,2.961,1.64847e-12
2362,0.6,2.962,9.84109e-13
2363,0.6,2.963,3.48168e-13
2364,0.6,2.964,1.48859e-12
2365,0.6,2.965,1.50991e-12
2366,0.6,2.966,8.10022e-13
2367,0.6,2.967,1.19372e-12
2368,0.6,2.968,3.3751e-13
2369,0.6,2.969,1.11911e-12
2370,0.6,2.97,2.78534e-12
2371,0.6,2.971,8.10022e-13
2372,0.6,2.972,1.65557e-12
2373,0.6,2.973,1.57031e-12
2374,0.6,2.974,2.45139e-12
2375,0.6,2.975,2.12454e-12
2376,0.6,2.976,2.41941e-12
2377,0.6,2.977,3.84051e-12
2378,0.6,2.978,5.5991e-12
2379,0.6,2.979,6.17464e-12
2380,0.6,2.98,6.51926e-12
2381,0.6,2.981,6.19951e-12
2382,0.6,2.982,6.66492e-12
2383,0.6,2.983,5.54937e-12
2384,0.6,2.984,4.26328e-12
2385,0.6,2.985,2.92034e-12
2386,0.6,2.986,2.69652e-12
2387,0.6,2.987,2.34836e-12
2388,0.6,2.988,2.36967e-12
2389,0.6,2.989,1.33583e-12
2390,0.6,2.99,8.10022e-13
2391,0.6,2.991,1.15109e-12
2392,0.6,2.992,3.97906e-13
2393,0.6,2.993,9.16607e-13
2394,0.6,2.994,4.90278e-13
2395,0.6,2.995,5.22252e-13
2396,0.6,2.996,9.37923e-13
2397,0.6,2.997,8.06469e-13
2398,0.6,2.998,8.06469e-13
2399,0.6,2.999,2.23822e-13
