,Current,Frequency,Signal
0,0.0,2.7,6.26701e-12
1,0.0,2.701,1.26122e-12
2,0.0,2.702,1.06582e-13
3,0.0,2.703,4.51196e-13
4,0.0,2.704,1.66978e-13
5,0.0,2.705,2.52244e-13
6,0.0,2.706,2.48692e-13
7,0.0,2.707,2.9843e-13
8,0.0,2.708,1.88295e-13
9,0.0,2.709,1.81189e-13
10,0.0,2.71,1.59873e-13
11,0.0,2.711,2.13164e-13
12,0.0,2.712,3.69484e-13
13,0.0,2.713,1.77637e-13
14,0.0,2.714,4.97382e-14
15,0.0,2.715,1.1724e-13
16,0.0,2.716,1.49215e-13
17,0.0,2.717,1.5632e-13
18,0.0,2.718,3.58826e-13
19,0.0,2.719,1.1724e-13
20,0.0,2.72,1.13688e-13
21,0.0,2.721,4.01458e-13
22,0.0,2.722,3.23299e-13
23,0.0,2.723,1.81189e-13
24,0.0,2.724,3.09088e-13
25,0.0,2.725,2.41586e-13
26,0.0,2.726,1.81189e-13
27,0.0,2.727,2.09611e-13
28,0.0,2.728,7.10547e-14
29,0.0,2.729,2.13164e-13
30,0.0,2.73,1.20793e-13
31,0.0,2.731,9.2371e-14
32,0.0,2.732,1.70531e-13
33,0.0,2.733,1.59873e-13
34,0.0,2.734,3.62379e-13
35,0.0,2.735,4.22775e-13
36,0.0,2.736,2.84219e-13
37,0.0,2.737,8.17128e-14
38,0.0,2.738,1.1724e-13
39,0.0,2.739,3.69484e-13
40,0.0,2.74,2.02506e-13
41,0.0,2.741,3.80142e-13
42,0.0,2.742,1.81189e-13
43,0.0,2.743,1.31451e-13
44,0.0,2.744,5.32909e-14
45,0.0,2.745,3.94353e-13
46,0.0,2.746,1.91847e-13
47,0.0,2.747,1.954e-13
48,0.0,2.748,2.55797e-13
49,0.0,2.749,2.13164e-13
50,0.0,2.75,3.19746e-14
51,0.0,2.751,2.23822e-13
52,0.0,2.752,4.47644e-13
53,0.0,2.753,1.52768e-13
54,0.0,2.754,3.16193e-13
55,0.0,2.755,5.96859e-13
56,0.0,2.756,4.2988e-13
57,0.0,2.757,3.80142e-13
58,0.0,2.758,3.69484e-13
59,0.0,2.759,3.3751e-13
60,0.0,2.76,2.66455e-13
61,0.0,2.761,2.27375e-13
62,0.0,2.762,4.51196e-13
63,0.0,2.763,1.42109e-13
64,0.0,2.764,1.59873e-13
65,0.0,2.765,2.02506e-13
66,0.0,2.766,2.13164e-13
67,0.0,2.767,2.02506e-13
68,0.0,2.768,3.87248e-13
69,0.0,2.769,3.80142e-13
70,0.0,2.77,2.80666e-13
71,0.0,2.771,1.74084e-13
72,0.0,2.772,1.59873e-13
73,0.0,2.773,2.16716e-13
74,0.0,2.774,2.06058e-13
75,0.0,2.775,2.23822e-13
76,0.0,2.776,2.73561e-13
77,0.0,2.777,4.90278e-13
78,0.0,2.778,1.77637e-13
79,0.0,2.779,2.09611e-13
80,0.0,2.78,7.46074e-14
81,0.0,2.781,9.98319e-13
82,0.0,2.782,4.40538e-13
83,0.0,2.783,3.01982e-13
84,0.0,2.784,1.63426e-13
85,0.0,2.785,1.74084e-13
86,0.0,2.786,3.87248e-13
87,0.0,2.787,1.10135e-13
88,0.0,2.788,2.62903e-13
89,0.0,2.789,1.06582e-13
90,0.0,2.79,9.59237e-14
91,0.0,2.791,2.84219e-13
92,0.0,2.792,2.84219e-13
93,0.0,2.793,1.63426e-13
94,0.0,2.794,3.30404e-13
95,0.0,2.795,2.30928e-13
96,0.0,2.796,1.70531e-13
97,0.0,2.797,1.49215e-13
98,0.0,2.798,8.88183e-14
99,0.0,2.799,2.9843e-13
100,0.0,2.8,8.52656e-14
101,0.0,2.801,2.87772e-13
102,0.0,2.802,3.44615e-13
103,0.0,2.803,3.19746e-13
104,0.0,2.804,3.05535e-13
105,0.0,2.805,3.5172e-13
106,0.0,2.806,3.01982e-13
107,0.0,2.807,3.44615e-13
108,0.0,2.808,2.48692e-13
109,0.0,2.809,5.187e-13
110,0.0,2.81,5.96859e-13
111,0.0,2.811,5.61332e-13
112,0.0,2.812,1.02674e-12
113,0.0,2.813,9.30818e-13
114,0.0,2.814,1.18306e-12
115,0.0,2.815,9.98319e-13
116,0.0,2.816,1.14043e-12
117,0.0,2.817,9.37923e-13
118,0.0,2.818,8.24233e-13
119,0.0,2.819,6.1107e-13
120,0.0,2.82,5.187e-13
121,0.0,2.821,3.908e-13
122,0.0,2.822,7.81601e-14
123,0.0,2.823,3.23299e-13
124,0.0,2.824,2.13164e-13
125,0.0,2.825,1.63426e-13
126,0.0,2.826,1.5632e-13
127,0.0,2.827,2.66455e-13
128,0.0,2.828,5.15147e-13
129,0.0,2.829,1.03029e-13
130,0.0,2.83,2.55797e-13
131,0.0,2.831,4.26327e-13
132,0.0,2.832,2.34481e-13
133,0.0,2.833,7.46074e-14
134,0.0,2.834,6.7502e-14
135,0.0,2.835,3.5172e-13
136,0.0,2.836,2.73561e-13
137,0.0,2.837,3.908e-13
138,0.0,2.838,1.03029e-13
139,0.0,2.839,4.44091e-13
140,0.0,2.84,4.36986e-13
141,0.0,2.841,3.83695e-13
142,0.0,2.842,3.16193e-13
143,0.0,2.843,1.98953e-13
144,0.0,2.844,7.81601e-14
145,0.0,2.845,1.954e-13
146,0.0,2.846,3.12641e-13
147,0.0,2.847,1.954e-13
148,0.0,2.848,4.61856e-13
149,0.0,2.849,3.48168e-13
150,0.0,2.85,6.57256e-13
151,0.0,2.851,5.36463e-13
152,0.0,2.852,6.00412e-13
153,0.0,2.853,4.2988e-13
154,0.0,2.854,6.21728e-13
155,0.0,2.855,7.42521e-13
156,0.0,2.856,7.88706e-13
157,0.0,2.857,1.02319e-12
158,0.0,2.858,1.33227e-12
159,0.0,2.859,1.58807e-12
160,0.0,2.86,2.49402e-12
161,0.0,2.861,2.96298e-12
162,0.0,2.862,4.03591e-12
163,0.0,2.863,5.32555e-12
164,0.0,2.864,6.99532e-12
165,0.0,2.865,1.05552e-11
166,0.0,2.866,1.54082e-11
167,0.0,2.867,2.21158e-11
168,0.0,2.868,2.97542e-11
169,0.0,2.869,3.48843e-11
170,0.0,2.87,3.53639e-11
171,0.0,2.871,3.39784e-11
172,0.0,2.872,3.67957e-11
173,0.0,2.873,3.51295e-11
174,0.0,2.874,2.83614e-11
175,0.0,2.875,2.14656e-11
176,0.0,2.876,1.50068e-11
177,0.0,2.877,1.05339e-11
178,0.0,2.878,7.70234e-12
179,0.0,2.879,5.98635e-12
180,0.0,2.88,4.61856e-12
181,0.0,2.881,3.61312e-12
182,0.0,2.882,2.51534e-12
183,0.0,2.883,1.86519e-12
184,0.0,2.884,1.53123e-12
185,0.0,2.885,1.20082e-12
186,0.0,2.886,1.10135e-12
187,0.0,2.887,8.77524e-13
188,0.0,2.888,7.74495e-13
189,0.0,2.889,7.70942e-13
190,0.0,2.89,4.61856e-13
191,0.0,2.891,6.14623e-13
192,0.0,2.892,4.58304e-13
193,0.0,2.893,4.61856e-13
194,0.0,2.894,3.76589e-13
195,0.0,2.895,3.12641e-13
196,0.0,2.896,3.33957e-13
197,0.0,2.897,1.59873e-13
198,0.0,2.898,1.70531e-13
199,0.0,2.899,3.58826e-13
200,0.0,2.9,3.87248e-13
201,0.0,2.901,1.81189e-13
202,0.0,2.902,1.63426e-13
203,0.0,2.903,4.93831e-13
204,0.0,2.904,2.30928e-13
205,0.0,2.905,1.98953e-13
206,0.0,2.906,1.84742e-13
207,0.0,2.907,3.33957e-13
208,0.0,2.908,2.70008e-13
209,0.0,2.909,7.24757e-13
210,0.0,2.91,1.91847e-13
211,0.0,2.911,2.02506e-13
212,0.0,2.912,2.9843e-13
213,0.0,2.913,3.3751e-13
214,0.0,2.914,2.06058e-13
215,0.0,2.915,1.70531e-13
216,0.0,2.916,2.34481e-13
217,0.0,2.917,1.91847e-13
218,0.0,2.918,2.45139e-13
219,0.0,2.919,3.23299e-13
220,0.0,2.92,1.63426e-13
221,0.0,2.921,6.39493e-14
222,0.0,2.922,1.98953e-13
223,0.0,2.923,2.41586e-13
224,0.0,2.924,4.47644e-13
225,0.0,2.925,3.55273e-13
226,0.0,2.926,2.34481e-13
227,0.0,2.927,2.38034e-13
228,0.0,2.928,3.16193e-13
229,0.0,2.929,2.66455e-13
230,0.0,2.93,3.01982e-13
231,0.0,2.931,3.55273e-13
232,0.0,2.932,6.7502e-14
233,0.0,2.933,2.38034e-13
234,0.0,2.934,2.62903e-13
235,0.0,2.935,4.97383e-13
236,0.0,2.936,6.1107e-13
237,0.0,2.937,8.06469e-13
238,0.0,2.938,9.98319e-13
239,0.0,2.939,1.3003e-12
240,0.0,2.94,1.21148e-12
241,0.0,2.941,9.48581e-13
242,0.0,2.942,1.29319e-12
243,0.0,2.943,9.45029e-13
244,0.0,2.944,9.27265e-13
245,0.0,2.945,7.17652e-13
246,0.0,2.946,5.89754e-13
247,0.0,2.947,5.187e-13
248,0.0,2.948,4.19222e-13
249,0.0,2.949,4.83173e-13
250,0.0,2.95,1.06582e-13
251,0.0,2.951,8.88183e-14
252,0.0,2.952,1.66978e-13
253,0.0,2.953,1.81189e-13
254,0.0,2.954,2.77113e-13
255,0.0,2.955,1.77637e-13
256,0.0,2.956,2.41586e-13
257,0.0,2.957,1.98953e-13
258,0.0,2.958,1.59873e-13
259,0.0,2.959,2.66455e-13
260,0.0,2.96,2.09611e-13
261,0.0,2.961,2.27375e-13
262,0.0,2.962,4.05011e-13
263,0.0,2.963,1.59873e-13
264,0.0,2.964,1.45662e-13
265,0.0,2.965,3.01982e-13
266,0.0,2.966,2.9843e-13
267,0.0,2.967,3.908e-13
268,0.0,2.968,1.38557e-13
269,0.0,2.969,2.16716e-13
270,0.0,2.97,1.03029e-13
271,0.0,2.971,2.30928e-13
272,0.0,2.972,4.08564e-13
273,0.0,2.973,2.52244e-13
274,0.0,2.974,2.23822e-13
275,0.0,2.975,3.26851e-13
276,0.0,2.976,1.66978e-13
277,0.0,2.977,1.10135e-13
278,0.0,2.978,4.26328e-14
279,0.0,2.979,1.5632e-13
280,0.0,2.98,1.66978e-13
281,0.0,2.981,3.62379e-13
282,0.0,2.982,4.22775e-13
283,0.0,2.983,2.41586e-13
284,0.0,2.984,2.34481e-13
285,0.0,2.985,2.48692e-13
286,0.0,2.986,1.1724e-13
287,0.0,2.987,1.74084e-13
288,0.0,2.988,1.10135e-13
289,0.0,2.989,1.35004e-13
290,0.0,2.99,1.70531e-13
291,0.0,2.991,3.3751e-13
292,0.0,2.992,9.94764e-14
293,0.0,2.993,1.38557e-13
294,0.0,2.994,2.20269e-13
295,0.0,2.995,4.15669e-13
296,0.0,2.996,2.34481e-13
297,0.0,2.997,3.19746e-13
298,0.0,2.998,7.10547e-14
299,0.2,2.7,1.74084e-13
300,0.2,2.701,5.32909e-14
301,0.2,2.702,1.35004e-13
302,0.2,2.703,2.13164e-13
303,0.2,2.704,1.70531e-13
304,0.2,2.705,1.03029e-13
305,0.2,2.706,1.49215e-13
306,0.2,2.707,8.52656e-14
307,0.2,2.708,2.70008e-13
308,0.2,2.709,6.03966e-14
309,0.2,2.71,2.48692e-13
310,0.2,2.711,2.20269e-13
311,0.2,2.712,1.52768e-13
312,0.2,2.713,3.58826e-13
313,0.2,2.714,3.26851e-13
314,0.2,2.715,1.63426e-13
315,0.2,2.716,1.59873e-13
316,0.2,2.717,2.9843e-13
317,0.2,2.718,3.05535e-13
318,0.2,2.719,1.13688e-13
319,0.2,2.72,4.2988e-13
320,0.2,2.721,2.45139e-13
321,0.2,2.722,2.41586e-13
322,0.2,2.723,2.09611e-13
323,0.2,2.724,1.10135e-13
324,0.2,2.725,3.5172e-13
325,0.2,2.726,2.30928e-13
326,0.2,2.727,1.81189e-13
327,0.2,2.728,2.13164e-13
328,0.2,2.729,3.26851e-13
329,0.2,2.73,2.77113e-13
330,0.2,2.731,2.13164e-14
331,0.2,2.732,5.36463e-13
332,0.2,2.733,2.23822e-13
333,0.2,2.734,2.80666e-13
334,0.2,2.735,2.94877e-13
335,0.2,2.736,3.16193e-13
336,0.2,2.737,2.13164e-13
337,0.2,2.738,1.06582e-13
338,0.2,2.739,7.06993e-13
339,0.2,2.74,3.41062e-13
340,0.2,2.741,9.2371e-14
341,0.2,2.742,3.69484e-13
342,0.2,2.743,3.19746e-13
343,0.2,2.744,1.88295e-13
344,0.2,2.745,1.77637e-13
345,0.2,2.746,1.77637e-13
346,0.2,2.747,2.45139e-13
347,0.2,2.748,9.59237e-14
348,0.2,2.749,2.41586e-13
349,0.2,2.75,2.20269e-13
350,0.2,2.751,1.954e-13
351,0.2,2.752,2.48692e-13
352,0.2,2.753,1.49215e-13
353,0.2,2.754,7.81601e-14
354,0.2,2.755,1.13688e-13
355,0.2,2.756,2.62903e-13
356,0.2,2.757,1.70531e-13
357,0.2,2.758,1.70531e-13
358,0.2,2.759,2.62903e-13
359,0.2,2.76,4.19222e-13
360,0.2,2.761,6.03965e-13
361,0.2,2.762,2.23822e-13
362,0.2,2.763,1.81189e-13
363,0.2,2.764,4.26328e-14
364,0.2,2.765,2.66455e-13
365,0.2,2.766,3.26851e-13
366,0.2,2.767,3.65931e-13
367,0.2,2.768,1.59873e-13
368,0.2,2.769,2.48692e-13
369,0.2,2.77,2.77113e-13
370,0.2,2.771,1.66978e-13
371,0.2,2.772,1.49215e-13
372,0.2,2.773,1.24346e-13
373,0.2,2.774,3.73037e-13
374,0.2,2.775,2.94877e-13
375,0.2,2.776,7.10547e-14
376,0.2,2.777,3.83695e-13
377,0.2,2.778,1.63426e-13
378,0.2,2.779,2.02506e-13
379,0.2,2.78,2.09611e-13
380,0.2,2.781,4.65409e-13
381,0.2,2.782,3.62379e-13
382,0.2,2.783,2.45139e-13
383,0.2,2.784,4.51196e-13
384,0.2,2.785,1.70531e-13
385,0.2,2.786,4.40538e-13
386,0.2,2.787,1.91847e-13
387,0.2,2.788,2.84219e-13
388,0.2,2.789,3.58826e-13
389,0.2,2.79,2.38034e-13
390,0.2,2.791,3.65931e-13
391,0.2,2.792,6.28834e-13
392,0.2,2.793,6.1107e-13
393,0.2,2.794,4.72514e-13
394,0.2,2.795,1.88295e-13
395,0.2,2.796,1.45662e-13
396,0.2,2.797,4.40538e-13
397,0.2,2.798,3.19746e-13
398,0.2,2.799,2.20269e-13
399,0.2,2.8,2.30928e-13
400,0.2,2.801,4.7962e-13
401,0.2,2.802,2.13164e-13
402,0.2,2.803,1.06582e-13
403,0.2,2.804,3.01982e-13
404,0.2,2.805,5.00936e-13
405,0.2,2.806,4.65409e-13
406,0.2,2.807,4.47644e-13
407,0.2,2.808,4.86725e-13
408,0.2,2.809,3.83695e-13
409,0.2,2.81,4.58304e-13
410,0.2,2.811,2.45139e-13
411,0.2,2.812,4.15669e-13
412,0.2,2.813,2.52244e-13
413,0.2,2.814,1.59873e-13
414,0.2,2.815,2.77113e-13
415,0.2,2.816,3.76589e-13
416,0.2,2.817,1.66978e-13
417,0.2,2.818,3.01982e-13
418,0.2,2.819,8.52656e-14
419,0.2,2.82,2.45139e-13
420,0.2,2.821,6.14623e-13
421,0.2,2.822,5.187e-13
422,0.2,2.823,3.55273e-13
423,0.2,2.824,4.15669e-13
424,0.2,2.825,3.23299e-13
425,0.2,2.826,6.14623e-13
426,0.2,2.827,6.46597e-13
427,0.2,2.828,6.53703e-13
428,0.2,2.829,8.81076e-13
429,0.2,2.83,9.77003e-13
430,0.2,2.831,1.24701e-12
431,0.2,2.832,1.93269e-12
432,0.2,2.833,3.75169e-12
433,0.2,2.834,3.77301e-12
434,0.2,2.835,4.06078e-12
435,0.2,2.836,4.20289e-12
436,0.2,2.837,3.90091e-12
437,0.2,2.838,4.11052e-12
438,0.2,2.839,2.72495e-12
439,0.2,2.84,2.36612e-12
440,0.2,2.841,2.2027e-12
441,0.2,2.842,2.17427e-12
442,0.2,2.843,2.38033e-12
443,0.2,2.844,2.83863e-12
444,0.2,2.845,3.93288e-12
445,0.2,2.846,6.34873e-12
446,0.2,2.847,1.23138e-11
447,0.2,2.848,1.10881e-11
448,0.2,2.849,1.25269e-11
449,0.2,2.85,1.14291e-11
450,0.2,2.851,1.18697e-11
451,0.2,2.852,1.06831e-11
452,0.2,2.853,6.51926e-12
453,0.2,2.854,4.40895e-12
454,0.2,2.855,3.21877e-12
455,0.2,2.856,3.27917e-12
456,0.2,2.857,2.97719e-12
457,0.2,2.858,3.45325e-12
458,0.2,2.859,4.14249e-12
459,0.2,2.86,5.97924e-12
460,0.2,2.861,8.98487e-12
461,0.2,2.862,8.14998e-12
462,0.2,2.863,9.49291e-12
463,0.2,2.864,7.86576e-12
464,0.2,2.865,9.13408e-12
465,0.2,2.866,6.5761e-12
466,0.2,2.867,4.03946e-12
467,0.2,2.868,3.02693e-12
468,0.2,2.869,2.14585e-12
469,0.2,2.87,2.10677e-12
470,0.2,2.871,2.13164e-12
471,0.2,2.872,1.79057e-12
472,0.2,2.873,2.20625e-12
473,0.2,2.874,2.6681e-12
474,0.2,2.875,3.23298e-12
475,0.2,2.876,4.40184e-12
476,0.2,2.877,6.73953e-12
477,0.2,2.878,1.04344e-11
478,0.2,2.879,1.01395e-11
479,0.2,2.88,1.14718e-11
480,0.2,2.881,1.06795e-11
481,0.2,2.882,1.14114e-11
482,0.2,2.883,9.51067e-12
483,0.2,2.884,7.01308e-12
484,0.2,2.885,6.00411e-12
485,0.2,2.886,5.20475e-12
486,0.2,2.887,4.8104e-12
487,0.2,2.888,5.29002e-12
488,0.2,2.889,6.80347e-12
489,0.2,2.89,9.32948e-12
490,0.2,2.891,1.52626e-11
491,0.2,2.892,1.54295e-11
492,0.2,2.893,1.66588e-11
493,0.2,2.894,1.56036e-11
494,0.2,2.895,1.54224e-11
495,0.2,2.896,1.3813e-11
496,0.2,2.897,9.22645e-12
497,0.2,2.898,6.36294e-12
498,0.2,2.899,4.19934e-12
499,0.2,2.9,3.65577e-12
500,0.2,2.901,2.97364e-12
501,0.2,2.902,1.44951e-12
502,0.2,2.903,3.17969e-12
503,0.2,2.904,4.98449e-12
504,0.2,2.905,4.47289e-12
505,0.2,2.906,4.8104e-12
506,0.2,2.907,4.34144e-12
507,0.2,2.908,4.20999e-12
508,0.2,2.909,3.63801e-12
509,0.2,2.91,2.49757e-12
510,0.2,2.911,1.51702e-12
511,0.2,2.912,1.28609e-12
512,0.2,2.913,6.99888e-13
513,0.2,2.914,6.46597e-13
514,0.2,2.915,8.88182e-13
515,0.2,2.916,7.10546e-13
516,0.2,2.917,1.26477e-12
517,0.2,2.918,1.29319e-12
518,0.2,2.919,5.96859e-13
519,0.2,2.92,5.43569e-13
520,0.2,2.921,4.72514e-13
521,0.2,2.922,5.15147e-13
522,0.2,2.923,5.86201e-13
523,0.2,2.924,4.68962e-13
524,0.2,2.925,2.94877e-13
525,0.2,2.926,4.19222e-13
526,0.2,2.927,4.51196e-13
527,0.2,2.928,4.90278e-13
528,0.2,2.929,5.7199e-13
529,0.2,2.93,3.23299e-13
530,0.2,2.931,4.22775e-13
531,0.2,2.932,3.83695e-13
532,0.2,2.933,4.2988e-13
533,0.2,2.934,4.58304e-13
534,0.2,2.935,3.26851e-13
535,0.2,2.936,3.26851e-13
536,0.2,2.937,1.88295e-13
537,0.2,2.938,2.77113e-13
538,0.2,2.939,2.45139e-13
539,0.2,2.94,9.94764e-14
540,0.2,2.941,3.97906e-13
541,0.2,2.942,3.44615e-13
542,0.2,2.943,7.10547e-14
543,0.2,2.944,2.20269e-13
544,0.2,2.945,4.26327e-13
545,0.2,2.946,4.83173e-13
546,0.2,2.947,3.19746e-13
547,0.2,2.948,1.98953e-13
548,0.2,2.949,3.16193e-13
549,0.2,2.95,2.38034e-13
550,0.2,2.951,6.1107e-13
551,0.2,2.952,2.48692e-13
552,0.2,2.953,2.9843e-13
553,0.2,2.954,3.76589e-13
554,0.2,2.955,4.2988e-13
555,0.2,2.956,2.27375e-13
556,0.2,2.957,2.41586e-13
557,0.2,2.958,2.80666e-13
558,0.2,2.959,4.19222e-13
559,0.2,2.96,3.65931e-13
560,0.2,2.961,4.36986e-13
561,0.2,2.962,4.72514e-13
562,0.2,2.963,5.32911e-13
563,0.2,2.964,6.78572e-13
564,0.2,2.965,4.72514e-13
565,0.2,2.966,5.187e-13
566,0.2,2.967,4.7962e-13
567,0.2,2.968,5.36463e-13
568,0.2,2.969,3.16193e-13
569,0.2,2.97,3.16193e-13
570,0.2,2.971,1.66978e-13
571,0.2,2.972,1.49215e-13
572,0.2,2.973,3.73037e-13
573,0.2,2.974,2.94877e-13
574,0.2,2.975,3.09088e-13
575,0.2,2.976,1.10135e-13
576,0.2,2.977,3.73037e-13
577,0.2,2.978,3.3751e-13
578,0.2,2.979,5.79096e-13
579,0.2,2.98,2.23822e-13
580,0.2,2.981,3.73037e-13
581,0.2,2.982,2.45139e-13
582,0.2,2.983,7.10548e-15
583,0.2,2.984,2.52244e-13
584,0.2,2.985,4.05011e-13
585,0.2,2.986,2.02506e-13
586,0.2,2.987,2.66455e-13
587,0.2,2.988,2.16716e-13
588,0.2,2.989,1.59873e-13
589,0.2,2.99,4.83173e-13
590,0.2,2.991,1.49215e-13
591,0.2,2.992,3.16193e-13
592,0.2,2.993,2.45139e-13
593,0.2,2.994,1.954e-13
594,0.2,2.995,2.38034e-13
595,0.2,2.996,1.27899e-13
596,0.2,2.997,4.36986e-13
597,0.2,2.998,1.03029e-13
598,0.4,2.7,4.58304e-13
599,0.4,2.701,2.84219e-13
600,0.4,2.702,4.61855e-14
601,0.4,2.703,1.1724e-13
602,0.4,2.704,2.16716e-13
603,0.4,2.705,1.35004e-13
604,0.4,2.706,2.38034e-13
605,0.4,2.707,2.16716e-13
606,0.4,2.708,3.09088e-13
607,0.4,2.709,1.59873e-13
608,0.4,2.71,1.77637e-13
609,0.4,2.711,2.27375e-13
610,0.4,2.712,4.22775e-13
611,0.4,2.713,1.06582e-13
612,0.4,2.714,2.87772e-13
613,0.4,2.715,1.06582e-13
614,0.4,2.716,1.59873e-13
615,0.4,2.717,1.35004e-13
616,0.4,2.718,2.80666e-13
617,0.4,2.719,3.908e-13
618,0.4,2.72,7.10547e-14
619,0.4,2.721,4.76067e-13
620,0.4,2.722,4.15669e-13
621,0.4,2.723,3.908e-13
622,0.4,2.724,1.59873e-13
623,0.4,2.725,2.91324e-13
624,0.4,2.726,3.76589e-13
625,0.4,2.727,2.73561e-13
626,0.4,2.728,2.70008e-13
627,0.4,2.729,2.13164e-13
628,0.4,2.73,3.01982e-13
629,0.4,2.731,1.42109e-13
630,0.4,2.732,3.12641e-13
631,0.4,2.733,4.33433e-13
632,0.4,2.734,2.5935e-13
633,0.4,2.735,5.36463e-13
634,0.4,2.736,3.41062e-13
635,0.4,2.737,2.73561e-13
636,0.4,2.738,1.31451e-13
637,0.4,2.739,2.13164e-13
638,0.4,2.74,6.39493e-14
639,0.4,2.741,6.39493e-14
640,0.4,2.742,2.45139e-13
641,0.4,2.743,7.46074e-14
642,0.4,2.744,1.59873e-13
643,0.4,2.745,1.74084e-13
644,0.4,2.746,4.61855e-14
645,0.4,2.747,4.72514e-13
646,0.4,2.748,2.52244e-13
647,0.4,2.749,3.12641e-13
648,0.4,2.75,1.49215e-13
649,0.4,2.751,2.09611e-13
650,0.4,2.752,7.81601e-14
651,0.4,2.753,1.88295e-13
652,0.4,2.754,4.08564e-13
653,0.4,2.755,1.31451e-13
654,0.4,2.756,1.77637e-13
655,0.4,2.757,6.7502e-14
656,0.4,2.758,9.94764e-14
657,0.4,2.759,1.10135e-13
658,0.4,2.76,2.41586e-13
659,0.4,2.761,4.68962e-13
660,0.4,2.762,2.9843e-13
661,0.4,2.763,2.55797e-13
662,0.4,2.764,2.94877e-13
663,0.4,2.765,4.97383e-13
664,0.4,2.766,4.61856e-13
665,0.4,2.767,3.83695e-13
666,0.4,2.768,5.11594e-13
667,0.4,2.769,3.55273e-13
668,0.4,2.77,2.20269e-13
669,0.4,2.771,4.40538e-13
670,0.4,2.772,2.94877e-13
671,0.4,2.773,3.12641e-13
672,0.4,2.774,3.33957e-13
673,0.4,2.775,2.38034e-13
674,0.4,2.776,2.70008e-13
675,0.4,2.777,3.12641e-13
676,0.4,2.778,2.80666e-13
677,0.4,2.779,3.80142e-13
678,0.4,2.78,1.5632e-13
679,0.4,2.781,4.58304e-13
680,0.4,2.782,2.5935e-13
681,0.4,2.783,1.45662e-13
682,0.4,2.784,4.40538e-13
683,0.4,2.785,1.27899e-13
684,0.4,2.786,1.27899e-13
685,0.4,2.787,1.70531e-13
686,0.4,2.788,3.16193e-13
687,0.4,2.789,3.94353e-13
688,0.4,2.79,2.66455e-13
689,0.4,2.791,2.94877e-13
690,0.4,2.792,4.2988e-13
691,0.4,2.793,6.67914e-13
692,0.4,2.794,7.49626e-13
693,0.4,2.795,8.95287e-13
694,0.4,2.796,1.3607e-12
695,0.4,2.797,1.91848e-12
696,0.4,2.798,3.48167e-12
697,0.4,2.799,3.08377e-12
698,0.4,2.8,3.61312e-12
699,0.4,2.801,3.55983e-12
700,0.4,2.802,3.55628e-12
701,0.4,2.803,3.15127e-12
702,0.4,2.804,1.78347e-12
703,0.4,2.805,1.30741e-12
704,0.4,2.806,8.31338e-13
705,0.4,2.807,6.99888e-13
706,0.4,2.808,7.816e-13
707,0.4,2.809,7.92259e-13
708,0.4,2.81,6.5015e-13
709,0.4,2.811,5.47121e-13
710,0.4,2.812,3.44615e-13
711,0.4,2.813,4.22775e-13
712,0.4,2.814,2.66455e-13
713,0.4,2.815,4.7962e-13
714,0.4,2.816,4.7962e-13
715,0.4,2.817,6.96335e-13
716,0.4,2.818,7.56731e-13
717,0.4,2.819,1.22569e-12
718,0.4,2.82,1.61294e-12
719,0.4,2.821,1.74084e-12
720,0.4,2.822,2.5331e-12
721,0.4,2.823,3.87604e-12
722,0.4,2.824,5.87266e-12
723,0.4,2.825,8.41288e-12
724,0.4,2.826,9.13764e-12
725,0.4,2.827,1.24168e-11
726,0.4,2.828,1.35075e-11
727,0.4,2.829,1.32872e-11
728,0.4,2.83,1.29497e-11
729,0.4,2.831,9.83041e-12
730,0.4,2.832,1.02177e-11
731,0.4,2.833,6.01122e-12
732,0.4,2.834,4.08565e-12
733,0.4,2.835,2.76047e-12
734,0.4,2.836,2.17072e-12
735,0.4,2.837,1.73728e-12
736,0.4,2.838,1.09424e-12
737,0.4,2.839,1.15819e-12
738,0.4,2.84,9.45029e-13
739,0.4,2.841,6.5015e-13
740,0.4,2.842,5.64885e-13
741,0.4,2.843,8.2068e-13
742,0.4,2.844,6.39492e-13
743,0.4,2.845,5.64885e-13
744,0.4,2.846,1.05161e-12
745,0.4,2.847,1.00542e-12
746,0.4,2.848,9.98319e-13
747,0.4,2.849,1.42465e-12
748,0.4,2.85,1.9398e-12
749,0.4,2.851,2.49047e-12
750,0.4,2.852,3.28983e-12
751,0.4,2.853,7.85511e-12
752,0.4,2.854,7.79826e-12
753,0.4,2.855,7.76629e-12
754,0.4,2.856,8.79657e-12
755,0.4,2.857,7.3293e-12
756,0.4,2.858,8.27788e-12
757,0.4,2.859,7.57089e-12
758,0.4,2.86,4.31657e-12
759,0.4,2.861,2.98074e-12
760,0.4,2.862,1.9398e-12
761,0.4,2.863,1.63426e-12
762,0.4,2.864,1.12266e-12
763,0.4,2.865,1.11201e-12
764,0.4,2.866,1.00187e-12
765,0.4,2.867,5.96859e-13
766,0.4,2.868,5.40016e-13
767,0.4,2.869,4.54751e-13
768,0.4,2.87,6.92783e-13
769,0.4,2.871,5.29358e-13
770,0.4,2.872,4.83173e-13
771,0.4,2.873,3.5172e-13
772,0.4,2.874,5.82649e-13
773,0.4,2.875,3.83695e-13
774,0.4,2.876,4.33433e-13
775,0.4,2.877,4.2988e-13
776,0.4,2.878,7.70942e-13
777,0.4,2.879,9.16607e-13
778,0.4,2.88,5.36463e-13
779,0.4,2.881,1.49215e-12
780,0.4,2.882,8.45549e-13
781,0.4,2.883,8.38444e-13
782,0.4,2.884,1.48504e-12
783,0.4,2.885,2.07835e-12
784,0.4,2.886,2.50823e-12
785,0.4,2.887,2.89903e-12
786,0.4,2.888,3.75525e-12
787,0.4,2.889,5.6595e-12
788,0.4,2.89,8.81079e-12
789,0.4,2.891,1.06973e-11
790,0.4,2.892,1.09175e-11
791,0.4,2.893,1.1486e-11
792,0.4,2.894,1.05942e-11
793,0.4,2.895,1.12479e-11
794,0.4,2.896,7.45365e-12
795,0.4,2.897,5.32555e-12
796,0.4,2.898,3.98262e-12
797,0.4,2.899,3.16193e-12
798,0.4,2.9,2.26309e-12
799,0.4,2.901,2.11033e-12
800,0.4,2.902,1.73018e-12
801,0.4,2.903,1.39622e-12
802,0.4,2.904,1.18661e-12
803,0.4,2.905,6.03965e-13
804,0.4,2.906,8.9884e-13
805,0.4,2.907,1.2328e-12
806,0.4,2.908,1.32162e-12
807,0.4,2.909,1.64136e-12
808,0.4,2.91,1.81544e-12
809,0.4,2.911,2.06414e-12
810,0.4,2.912,2.81376e-12
811,0.4,2.913,3.61668e-12
812,0.4,2.914,5.75187e-12
813,0.4,2.915,9.01329e-12
814,0.4,2.916,9.0204e-12
815,0.4,2.917,1.32126e-11
816,0.4,2.918,1.27792e-11
817,0.4,2.919,1.41043e-11
818,0.4,2.92,1.17737e-11
819,0.4,2.921,9.2904e-12
820,0.4,2.922,8.63315e-12
821,0.4,2.923,5.71634e-12
822,0.4,2.924,4.17447e-12
823,0.4,2.925,2.51534e-12
824,0.4,2.926,2.03927e-12
825,0.4,2.927,1.82256e-12
826,0.4,2.928,1.39622e-12
827,0.4,2.929,1.21859e-12
828,0.4,2.93,1.21859e-12
829,0.4,2.931,8.17128e-13
830,0.4,2.932,7.88706e-13
831,0.4,2.933,7.60284e-13
832,0.4,2.934,6.8923e-13
833,0.4,2.935,7.35415e-13
834,0.4,2.936,7.78048e-13
835,0.4,2.937,1.11911e-12
836,0.4,2.938,1.29675e-12
837,0.4,2.939,1.68755e-12
838,0.4,2.94,2.78889e-12
839,0.4,2.941,4.61856e-12
840,0.4,2.942,4.76066e-12
841,0.4,2.943,5.31844e-12
842,0.4,2.944,5.16923e-12
843,0.4,2.945,5.03778e-12
844,0.4,2.946,4.0821e-12
845,0.4,2.947,2.51178e-12
846,0.4,2.948,1.81544e-12
847,0.4,2.949,1.11201e-12
848,0.4,2.95,9.91214e-13
849,0.4,2.951,1.12266e-12
850,0.4,2.952,6.53703e-13
851,0.4,2.953,9.16607e-13
852,0.4,2.954,4.26327e-13
853,0.4,2.955,5.75543e-13
854,0.4,2.956,5.187e-13
855,0.4,2.957,4.90278e-13
856,0.4,2.958,3.73037e-13
857,0.4,2.959,2.55797e-13
858,0.4,2.96,4.01458e-13
859,0.4,2.961,4.22775e-13
860,0.4,2.962,5.11594e-13
861,0.4,2.963,4.65409e-13
862,0.4,2.964,3.09088e-13
863,0.4,2.965,4.61856e-13
864,0.4,2.966,1.954e-13
865,0.4,2.967,3.41062e-13
866,0.4,2.968,5.79096e-13
867,0.4,2.969,8.9884e-13
868,0.4,2.97,1.15464e-12
869,0.4,2.971,3.23299e-13
870,0.4,2.972,3.48168e-13
871,0.4,2.973,2.34481e-13
872,0.4,2.974,2.66455e-13
873,0.4,2.975,1.954e-13
874,0.4,2.976,5.96859e-13
875,0.4,2.977,3.44615e-13
876,0.4,2.978,1.98953e-13
877,0.4,2.979,1.88295e-13
878,0.4,2.98,8.52656e-14
879,0.4,2.981,2.52244e-13
880,0.4,2.982,3.55273e-13
881,0.4,2.983,5.40016e-13
882,0.4,2.984,4.15669e-13
883,0.4,2.985,3.80142e-13
884,0.4,2.986,5.86201e-13
885,0.4,2.987,5.96859e-13
886,0.4,2.988,4.93831e-13
887,0.4,2.989,2.45139e-13
888,0.4,2.99,6.39493e-14
889,0.4,2.991,4.2988e-13
890,0.4,2.992,6.25281e-13
891,0.4,2.993,2.5935e-13
892,0.4,2.994,3.69484e-13
893,0.4,2.995,2.73561e-13
894,0.4,2.996,9.2371e-14
895,0.4,2.997,2.70008e-13
896,0.4,2.998,4.65409e-13
897,0.6,2.7,3.80142e-13
898,0.6,2.701,2.16716e-13
899,0.6,2.702,6.32387e-13
900,0.6,2.703,5.00936e-13
901,0.6,2.704,3.16193e-13
902,0.6,2.705,2.9843e-13
903,0.6,2.706,4.08564e-13
904,0.6,2.707,2.30928e-13
905,0.6,2.708,6.8923e-13
906,0.6,2.709,1.1724e-13
907,0.6,2.71,4.2988e-13
908,0.6,2.711,3.3751e-13
909,0.6,2.712,2.9843e-13
910,0.6,2.713,5.82649e-13
911,0.6,2.714,1.35004e-13
912,0.6,2.715,1.98953e-13
913,0.6,2.716,1.81189e-13
914,0.6,2.717,1.74084e-13
915,0.6,2.718,9.2371e-14
916,0.6,2.719,1.98953e-13
917,0.6,2.72,3.19746e-13
918,0.6,2.721,4.90278e-13
919,0.6,2.722,4.08564e-13
920,0.6,2.723,6.25281e-13
921,0.6,2.724,4.72514e-13
922,0.6,2.725,3.87248e-13
923,0.6,2.726,3.26851e-13
924,0.6,2.727,3.94353e-13
925,0.6,2.728,8.88183e-14
926,0.6,2.729,2.02506e-13
927,0.6,2.73,1.38557e-13
928,0.6,2.731,3.01982e-13
929,0.6,2.732,5.43569e-13
930,0.6,2.733,3.23299e-13
931,0.6,2.734,1.31096e-12
932,0.6,2.735,2.30928e-13
933,0.6,2.736,1.24346e-13
934,0.6,2.737,2.94877e-13
935,0.6,2.738,2.62903e-13
936,0.6,2.739,3.16193e-13
937,0.6,2.74,1.13688e-13
938,0.6,2.741,1.28964e-12
939,0.6,2.742,6.67914e-13
940,0.6,2.743,2.09611e-13
941,0.6,2.744,2.87772e-13
942,0.6,2.745,2.80666e-13
943,0.6,2.746,7.88706e-13
944,0.6,2.747,3.33957e-13
945,0.6,2.748,1.98953e-13
946,0.6,2.749,8.41997e-13
947,0.6,2.75,2.94877e-13
948,0.6,2.751,4.26327e-13
949,0.6,2.752,3.62379e-13
950,0.6,2.753,2.30928e-13
951,0.6,2.754,4.36986e-13
952,0.6,2.755,1.24346e-13
953,0.6,2.756,5.96859e-13
954,0.6,2.757,1.63426e-13
955,0.6,2.758,1.60228e-12
956,0.6,2.759,1.01253e-12
957,0.6,2.76,8.9884e-13
958,0.6,2.761,7.70942e-13
959,0.6,2.762,1.3607e-12
960,0.6,2.763,2.36612e-12
961,0.6,2.764,2.97719e-12
962,0.6,2.765,2.56507e-12
963,0.6,2.766,3.96486e-12
964,0.6,2.767,3.30048e-12
965,0.6,2.768,3.46036e-12
966,0.6,2.769,1.86519e-12
967,0.6,2.77,1.44951e-12
968,0.6,2.771,1.12977e-12
969,0.6,2.772,1.27898e-12
970,0.6,2.773,5.11594e-13
971,0.6,2.774,6.39492e-13
972,0.6,2.775,4.68962e-13
973,0.6,2.776,3.94353e-13
974,0.6,2.777,5.08042e-13
975,0.6,2.778,7.53179e-13
976,0.6,2.779,3.23299e-13
977,0.6,2.78,2.23822e-13
978,0.6,2.781,3.5172e-13
979,0.6,2.782,2.52244e-13
980,0.6,2.783,3.87248e-13
981,0.6,2.784,1.70531e-13
982,0.6,2.785,5.54227e-13
983,0.6,2.786,6.39493e-14
984,0.6,2.787,3.94353e-13
985,0.6,2.788,3.55273e-13
986,0.6,2.789,2.73561e-13
987,0.6,2.79,4.61856e-13
988,0.6,2.791,5.25805e-13
989,0.6,2.792,5.43569e-13
990,0.6,2.793,6.53703e-13
991,0.6,2.794,7.53179e-13
992,0.6,2.795,4.54751e-13
993,0.6,2.796,4.83173e-13
994,0.6,2.797,6.39492e-13
995,0.6,2.798,7.10546e-13
996,0.6,2.799,1.01608e-12
997,0.6,2.8,1.34293e-12
998,0.6,2.801,2.18849e-12
999,0.6,2.802,2.84574e-12
1000,0.6,2.803,4.47645e-12
1001,0.6,2.804,5.71634e-12
1002,0.6,2.805,5.55647e-12
1003,0.6,2.806,5.3291e-12
1004,0.6,2.807,6.3807e-12
1005,0.6,2.808,7.08769e-12
1006,0.6,2.809,8.14288e-12
1007,0.6,2.81,8.36314e-12
1008,0.6,2.811,7.16585e-12
1009,0.6,2.812,7.99011e-12
1010,0.6,2.813,6.62939e-12
1011,0.6,2.814,7.44299e-12
1012,0.6,2.815,4.41605e-12
1013,0.6,2.816,2.75337e-12
1014,0.6,2.817,2.06059e-12
1015,0.6,2.818,1.39267e-12
1016,0.6,2.819,1.22214e-12
1017,0.6,2.82,8.70418e-13
1018,0.6,2.821,8.81076e-13
1019,0.6,2.822,3.97906e-13
1020,0.6,2.823,4.12117e-13
1021,0.6,2.824,3.73037e-13
1022,0.6,2.825,2.45139e-13
1023,0.6,2.826,1.49215e-13
1024,0.6,2.827,3.41062e-13
1025,0.6,2.828,4.93831e-13
1026,0.6,2.829,3.23299e-13
1027,0.6,2.83,2.30928e-13
1028,0.6,2.831,3.05535e-13
1029,0.6,2.832,2.70008e-13
1030,0.6,2.833,5.68439e-14
1031,0.6,2.834,3.44615e-13
1032,0.6,2.835,1.59873e-13
1033,0.6,2.836,4.90278e-13
1034,0.6,2.837,2.41586e-13
1035,0.6,2.838,6.00412e-13
1036,0.6,2.839,4.83173e-13
1037,0.6,2.84,4.22775e-13
1038,0.6,2.841,7.31862e-13
1039,0.6,2.842,9.98319e-13
1040,0.6,2.843,1.45307e-12
1041,0.6,2.844,1.6982e-12
1042,0.6,2.845,2.0819e-12
1043,0.6,2.846,2.74981e-12
1044,0.6,2.847,5.34686e-12
1045,0.6,2.848,7.84445e-12
1046,0.6,2.849,6.46241e-12
1047,0.6,2.85,7.5851e-12
1048,0.6,2.851,6.48373e-12
1049,0.6,2.852,7.62773e-12
1050,0.6,2.853,5.37884e-12
1051,0.6,2.854,3.3893e-12
1052,0.6,2.855,2.76047e-12
1053,0.6,2.856,1.9398e-12
1054,0.6,2.857,1.14043e-12
1055,0.6,2.858,1.00187e-12
1056,0.6,2.859,9.84109e-13
1057,0.6,2.86,7.88706e-13
1058,0.6,2.861,6.75019e-13
1059,0.6,2.862,8.84629e-13
1060,0.6,2.863,6.1107e-13
1061,0.6,2.864,4.93831e-13
1062,0.6,2.865,1.45662e-13
1063,0.6,2.866,1.13688e-13
1064,0.6,2.867,1.91847e-13
1065,0.6,2.868,4.68962e-13
1066,0.6,2.869,3.41062e-13
1067,0.6,2.87,4.01458e-13
1068,0.6,2.871,2.9843e-13
1069,0.6,2.872,3.58826e-13
1070,0.6,2.873,5.89754e-13
1071,0.6,2.874,3.23299e-13
1072,0.6,2.875,8.88183e-14
1073,0.6,2.876,3.01982e-13
1074,0.6,2.877,5.68438e-13
1075,0.6,2.878,2.9843e-13
1076,0.6,2.879,3.62379e-13
1077,0.6,2.88,7.99364e-13
1078,0.6,2.881,4.83173e-13
1079,0.6,2.882,4.7962e-13
1080,0.6,2.883,3.80142e-13
1081,0.6,2.884,4.51196e-13
1082,0.6,2.885,8.45549e-13
1083,0.6,2.886,4.83173e-13
1084,0.6,2.887,4.72514e-13
1085,0.6,2.888,3.76589e-13
1086,0.6,2.889,4.61856e-13
1087,0.6,2.89,4.44091e-13
1088,0.6,2.891,4.26327e-13
1089,0.6,2.892,7.17652e-13
1090,0.6,2.893,9.13054e-13
1091,0.6,2.894,6.82124e-13
1092,0.6,2.895,6.07518e-13
1093,0.6,2.896,2.50823e-12
1094,0.6,2.897,7.63837e-13
1095,0.6,2.898,7.03441e-13
1096,0.6,2.899,1.38912e-12
1097,0.6,2.9,1.70176e-12
1098,0.6,2.901,1.82966e-12
1099,0.6,2.902,3.01272e-12
1100,0.6,2.903,3.00916e-12
1101,0.6,2.904,5.63463e-12
1102,0.6,2.905,8.30985e-12
1103,0.6,2.906,8.01498e-12
1104,0.6,2.907,9.23356e-12
1105,0.6,2.908,7.76629e-12
1106,0.6,2.909,7.71655e-12
1107,0.6,2.91,7.80892e-12
1108,0.6,2.911,4.88501e-12
1109,0.6,2.912,3.84762e-12
1110,0.6,2.913,2.96298e-12
1111,0.6,2.914,1.69465e-12
1112,0.6,2.915,1.4957e-12
1113,0.6,2.916,1.00542e-12
1114,0.6,2.917,1.32162e-12
1115,0.6,2.918,7.06993e-13
1116,0.6,2.919,5.82649e-13
1117,0.6,2.92,1.10135e-13
1118,0.6,2.921,4.15669e-13
1119,0.6,2.922,4.47644e-13
1120,0.6,2.923,4.58304e-13
1121,0.6,2.924,1.70531e-13
1122,0.6,2.925,4.19222e-13
1123,0.6,2.926,9.62792e-13
1124,0.6,2.927,2.20269e-13
1125,0.6,2.928,9.13054e-13
1126,0.6,2.929,5.25805e-13
1127,0.6,2.93,3.87248e-13
1128,0.6,2.931,1.34293e-12
1129,0.6,2.932,9.23712e-13
1130,0.6,2.933,1.30385e-12
1131,0.6,2.934,1.39978e-12
1132,0.6,2.935,2.24888e-12
1133,0.6,2.936,2.71429e-12
1134,0.6,2.937,2.09967e-12
1135,0.6,2.938,3.37154e-12
1136,0.6,2.939,6.15688e-12
1137,0.6,2.94,9.14829e-12
1138,0.6,2.941,9.36501e-12
1139,0.6,2.942,1.04877e-11
1140,0.6,2.943,1.06227e-11
1141,0.6,2.944,1.28467e-11
1142,0.6,2.945,1.32837e-11
1143,0.6,2.946,1.14149e-11
1144,0.6,2.947,1.08181e-11
1145,0.6,2.948,9.70962e-12
1146,0.6,2.949,8.86052e-12
1147,0.6,2.95,7.81958e-12
1148,0.6,2.951,5.74477e-12
1149,0.6,2.952,4.45158e-12
1150,0.6,2.953,3.16193e-12
1151,0.6,2.954,2.4727e-12
1152,0.6,2.955,1.48859e-12
1153,0.6,2.956,1.51346e-12
1154,0.6,2.957,1.3678e-12
1155,0.6,2.958,1.0374e-12
1156,0.6,2.959,4.08564e-13
1157,0.6,2.96,6.03965e-13
1158,0.6,2.961,4.40538e-13
1159,0.6,2.962,6.57256e-13
1160,0.6,2.963,5.96859e-13
1161,0.6,2.964,5.89754e-13
1162,0.6,2.965,3.30404e-13
1163,0.6,2.966,1.22569e-12
1164,0.6,2.967,2.94877e-13
1165,0.6,2.968,2.34481e-13
1166,0.6,2.969,6.43045e-13
1167,0.6,2.97,2.62903e-13
1168,0.6,2.971,3.33957e-13
1169,0.6,2.972,7.74495e-13
1170,0.6,2.973,8.34891e-13
1171,0.6,2.974,9.30818e-13
1172,0.6,2.975,1.25411e-12
1173,0.6,2.976,1.56675e-12
1174,0.6,2.977,2.56507e-12
1175,0.6,2.978,3.71617e-12
1176,0.6,2.979,4.33434e-12
1177,0.6,2.98,4.68961e-12
1178,0.6,2.981,4.30236e-12
1179,0.6,2.982,4.18868e-12
1180,0.6,2.983,4.29526e-12
1181,0.6,2.984,3.4568e-12
1182,0.6,2.985,2.2027e-12
1183,0.6,2.986,1.4282e-12
1184,0.6,2.987,7.88706e-13
1185,0.6,2.988,1.27543e-12
1186,0.6,2.989,1.28609e-12
1187,0.6,2.99,5.86201e-13
1188,0.6,2.991,9.34371e-13
1189,0.6,2.992,1.42109e-13
1190,0.6,2.993,3.41062e-13
1191,0.6,2.994,2.30928e-13
1192,0.6,2.995,2.45139e-13
1193,0.6,2.996,3.01982e-13
1194,0.6,2.997,3.3751e-13
1195,0.6,2.998,1.24346e-13
